0 verbose cli C:\Program Files\nodejs\node.exe C:\Program Files\nodejs\node_modules\npm\bin\npm-cli.js
1 info using npm@10.9.3
2 info using node@v22.19.0
3 silly config load:file:C:\Program Files\nodejs\node_modules\npm\npmrc
4 silly config load:file:C:\Users\W10\Desktop\PROYECTO_METAS_PERU\metasperu.center\.npmrc
5 silly config load:file:C:\Users\W10\.npmrc
6 silly config load:file:C:\Users\W10\AppData\Roaming\npm\etc\npmrc
7 verbose title npm install rrweb
8 verbose argv "install" "rrweb" "--cache" ".\\.npm-cache" "--legacy-peer-deps"
9 verbose logfile logs-max:10 dir:C:\Users\W10\Desktop\PROYECTO_METAS_PERU\metasperu.center\.npm-cache\_logs\2026-07-24T15_41_43_210Z-
10 verbose logfile C:\Users\W10\Desktop\PROYECTO_METAS_PERU\metasperu.center\.npm-cache\_logs\2026-07-24T15_41_43_210Z-debug-0.log
11 silly logfile done cleaning log files
12 silly packumentCache heap:4345298944 maxSize:1086324736 maxEntrySize:543162368
13 silly idealTree buildDeps
14 silly fetch manifest rrweb@*
15 silly packumentCache full:https://registry.npmjs.org/rrweb cache-miss
16 http cache https://registry.npmjs.org/rrweb 184ms (cache hit)
17 silly packumentCache full:https://registry.npmjs.org/rrweb set size:388959 disposed:false
18 silly placeDep ROOT rrweb@2.1.1 OK for: metasperu.center@0.0.0 want: *
19 silly fetch manifest @rrweb/types@^2.1.1
20 silly packumentCache full:https://registry.npmjs.org/@rrweb%2ftypes cache-miss
21 silly fetch manifest @rrweb/utils@^2.1.1
22 silly packumentCache full:https://registry.npmjs.org/@rrweb%2futils cache-miss
23 silly fetch manifest @types/css-font-loading-module@0.0.7
24 silly packumentCache full:https://registry.npmjs.org/@types%2fcss-font-loading-module cache-miss
25 silly fetch manifest @xstate/fsm@^1.4.0
26 silly packumentCache full:https://registry.npmjs.org/@xstate%2ffsm cache-miss
27 silly fetch manifest base64-arraybuffer@^1.0.1
28 silly packumentCache full:https://registry.npmjs.org/base64-arraybuffer cache-miss
29 silly fetch manifest mitt@^3.0.0
30 silly packumentCache full:https://registry.npmjs.org/mitt cache-miss
31 silly fetch manifest rrdom@^2.1.1
32 silly packumentCache full:https://registry.npmjs.org/rrdom cache-miss
33 http cache https://registry.npmjs.org/@rrweb%2ftypes 26ms (cache hit)
34 silly packumentCache full:https://registry.npmjs.org/@rrweb%2ftypes set size:58556 disposed:false
35 silly fetch manifest rrweb-snapshot@^2.1.1
36 silly packumentCache full:https://registry.npmjs.org/rrweb-snapshot cache-miss
37 http cache https://registry.npmjs.org/@rrweb%2futils 28ms (cache hit)
38 silly packumentCache full:https://registry.npmjs.org/@rrweb%2futils set size:27459 disposed:false
39 http cache https://registry.npmjs.org/@types%2fcss-font-loading-module 30ms (cache hit)
40 silly packumentCache full:https://registry.npmjs.org/@types%2fcss-font-loading-module set size:29692 disposed:false
41 http cache https://registry.npmjs.org/@xstate%2ffsm 32ms (cache hit)
42 silly packumentCache full:https://registry.npmjs.org/@xstate%2ffsm set size:92583 disposed:false
43 http cache https://registry.npmjs.org/base64-arraybuffer 34ms (cache hit)
44 silly packumentCache full:https://registry.npmjs.org/base64-arraybuffer set size:21740 disposed:false
45 http cache https://registry.npmjs.org/rrdom 36ms (cache hit)
46 silly packumentCache full:https://registry.npmjs.org/rrdom set size:82406 disposed:false
47 http cache https://registry.npmjs.org/mitt 37ms (cache hit)
48 silly packumentCache full:https://registry.npmjs.org/mitt set size:61451 disposed:false
49 http cache https://registry.npmjs.org/rrweb-snapshot 19ms (cache hit)
50 silly packumentCache full:https://registry.npmjs.org/rrweb-snapshot set size:326964 disposed:false
51 silly placeDep ROOT @rrweb/types@2.1.1 OK for: rrweb@2.1.1 want: ^2.1.1
52 silly placeDep ROOT @rrweb/utils@2.1.1 OK for: rrweb@2.1.1 want: ^2.1.1
53 silly placeDep ROOT @types/css-font-loading-module@0.0.7 OK for: rrweb@2.1.1 want: 0.0.7
54 silly placeDep ROOT @xstate/fsm@1.6.5 OK for: rrweb@2.1.1 want: ^1.4.0
55 silly placeDep ROOT base64-arraybuffer@1.0.2 OK for: rrweb@2.1.1 want: ^1.0.1
56 silly placeDep ROOT mitt@3.0.1 OK for: rrweb@2.1.1 want: ^3.0.0
57 silly placeDep ROOT rrdom@2.1.1 OK for: rrweb@2.1.1 want: ^2.1.1
58 silly placeDep ROOT rrweb-snapshot@2.1.1 OK for: rrweb@2.1.1 want: ^2.1.1
59 silly reify mark retired [
59 silly reify   'C:\\Users\\W10\\Desktop\\PROYECTO_METAS_PERU\\metasperu.center\\node_modules\\@angular\\material-moment-adapter'
59 silly reify ]
60 silly reify mark retired [
60 silly reify   'C:\\Users\\W10\\Desktop\\PROYECTO_METAS_PERU\\metasperu.center\\node_modules\\hono'
60 silly reify ]
61 silly reify moves {
61 silly reify   'C:\\Users\\W10\\Desktop\\PROYECTO_METAS_PERU\\metasperu.center\\node_modules\\@angular\\material-moment-adapter': 'C:\\Users\\W10\\Desktop\\PROYECTO_METAS_PERU\\metasperu.center\\node_modules\\@angular\\.material-moment-adapter-SzqFjZfr',
61 silly reify   'C:\\Users\\W10\\Desktop\\PROYECTO_METAS_PERU\\metasperu.center\\node_modules\\hono': 'C:\\Users\\W10\\Desktop\\PROYECTO_METAS_PERU\\metasperu.center\\node_modules\\.hono-5QNSc8hG'
61 silly reify }
62 silly audit bulk request {
62 silly audit   '@algolia/abtesting': [ '1.1.0' ],
62 silly audit   '@algolia/client-abtesting': [ '5.35.0' ],
62 silly audit   '@algolia/client-analytics': [ '5.35.0' ],
62 silly audit   '@algolia/client-common': [ '5.35.0' ],
62 silly audit   '@algolia/client-insights': [ '5.35.0' ],
62 silly audit   '@algolia/client-personalization': [ '5.35.0' ],
62 silly audit   '@algolia/client-query-suggestions': [ '5.35.0' ],
62 silly audit   '@algolia/client-search': [ '5.35.0' ],
62 silly audit   '@algolia/ingestion': [ '1.35.0' ],
62 silly audit   '@algolia/monitoring': [ '1.35.0' ],
62 silly audit   '@algolia/recommend': [ '5.35.0' ],
62 silly audit   '@algolia/requester-browser-xhr': [ '5.35.0' ],
62 silly audit   '@algolia/requester-fetch': [ '5.35.0' ],
62 silly audit   '@algolia/requester-node-http': [ '5.35.0' ],
62 silly audit   '@ampproject/remapping': [ '2.3.0' ],
62 silly audit   '@angular-devkit/architect': [ '0.2003.15' ],
62 silly audit   '@angular-devkit/core': [ '20.3.15' ],
62 silly audit   '@angular-devkit/schematics': [ '20.3.15' ],
62 silly audit   '@angular/build': [ '20.3.15' ],
62 silly audit   '@angular/cdk': [ '20.2.14' ],
62 silly audit   '@angular/cli': [ '20.3.15' ],
62 silly audit   '@angular/common': [ '20.3.16' ],
62 silly audit   '@angular/compiler': [ '20.3.16' ],
62 silly audit   '@angular/compiler-cli': [ '20.3.16' ],
62 silly audit   '@angular/core': [ '20.3.16' ],
62 silly audit   '@angular/forms': [ '20.3.16' ],
62 silly audit   '@angular/material': [ '20.2.14' ],
62 silly audit   '@angular/material-moment-adapter': [ '21.2.3' ],
62 silly audit   '@angular/platform-browser': [ '20.3.16' ],
62 silly audit   '@angular/router': [ '20.3.16' ],
62 silly audit   '@angular/service-worker': [ '20.3.16' ],
62 silly audit   '@babel/code-frame': [ '7.29.0' ],
62 silly audit   '@babel/compat-data': [ '7.29.0' ],
62 silly audit   '@babel/core': [ '7.28.3' ],
62 silly audit   'convert-source-map': [ '2.0.0', '1.9.0' ],
62 silly audit   semver: [ '6.3.1', '7.7.2' ],
62 silly audit   '@babel/generator': [ '7.29.1' ],
62 silly audit   '@babel/helper-annotate-as-pure': [ '7.27.3' ],
62 silly audit   '@babel/helper-compilation-targets': [ '7.28.6' ],
62 silly audit   '@babel/helper-globals': [ '7.28.0' ],
62 silly audit   '@babel/helper-module-imports': [ '7.28.6' ],
62 silly audit   '@babel/helper-module-transforms': [ '7.28.6' ],
62 silly audit   '@babel/helper-split-export-declaration': [ '7.24.7' ],
62 silly audit   '@babel/helper-string-parser': [ '7.27.1' ],
62 silly audit   '@babel/helper-validator-identifier': [ '7.28.5' ],
62 silly audit   '@babel/helper-validator-option': [ '7.27.1' ],
62 silly audit   '@babel/helpers': [ '7.28.6' ],
62 silly audit   '@babel/parser': [ '7.29.0' ],
62 silly audit   '@babel/template': [ '7.28.6' ],
62 silly audit   '@babel/traverse': [ '7.29.0' ],
62 silly audit   '@babel/types': [ '7.29.0' ],
62 silly audit   '@colors/colors': [ '1.5.0' ],
62 silly audit   '@esbuild/aix-ppc64': [ '0.25.9' ],
62 silly audit   '@esbuild/android-arm': [ '0.25.9' ],
62 silly audit   '@esbuild/android-arm64': [ '0.25.9' ],
62 silly audit   '@esbuild/android-x64': [ '0.25.9' ],
62 silly audit   '@esbuild/darwin-arm64': [ '0.25.9' ],
62 silly audit   '@esbuild/darwin-x64': [ '0.25.9' ],
62 silly audit   '@esbuild/freebsd-arm64': [ '0.25.9' ],
62 silly audit   '@esbuild/freebsd-x64': [ '0.25.9' ],
62 silly audit   '@esbuild/linux-arm': [ '0.25.9' ],
62 silly audit   '@esbuild/linux-arm64': [ '0.25.9' ],
62 silly audit   '@esbuild/linux-ia32': [ '0.25.9' ],
62 silly audit   '@esbuild/linux-loong64': [ '0.25.9' ],
62 silly audit   '@esbuild/linux-mips64el': [ '0.25.9' ],
62 silly audit   '@esbuild/linux-ppc64': [ '0.25.9' ],
62 silly audit   '@esbuild/linux-riscv64': [ '0.25.9' ],
62 silly audit   '@esbuild/linux-s390x': [ '0.25.9' ],
62 silly audit   '@esbuild/linux-x64': [ '0.25.9' ],
62 silly audit   '@esbuild/netbsd-arm64': [ '0.25.9' ],
62 silly audit   '@esbuild/netbsd-x64': [ '0.25.9' ],
62 silly audit   '@esbuild/openbsd-arm64': [ '0.25.9' ],
62 silly audit   '@esbuild/openbsd-x64': [ '0.25.9' ],
62 silly audit   '@esbuild/openharmony-arm64': [ '0.25.9' ],
62 silly audit   '@esbuild/sunos-x64': [ '0.25.9' ],
62 silly audit   '@esbuild/win32-arm64': [ '0.25.9' ],
62 silly audit   '@esbuild/win32-ia32': [ '0.25.9' ],
62 silly audit   '@esbuild/win32-x64': [ '0.25.9' ],
62 silly audit   '@hono/node-server': [ '1.19.9' ],
62 silly audit   '@inquirer/ansi': [ '1.0.2' ],
62 silly audit   '@inquirer/checkbox': [ '4.3.2' ],
62 silly audit   '@inquirer/confirm': [ '5.1.14' ],
62 silly audit   '@inquirer/core': [ '10.3.2' ],
62 silly audit   '@inquirer/editor': [ '4.2.23' ],
62 silly audit   '@inquirer/expand': [ '4.0.23' ],
62 silly audit   '@inquirer/external-editor': [ '1.0.3' ],
62 silly audit   '@inquirer/figures': [ '1.0.15' ],
62 silly audit   '@inquirer/input': [ '4.3.1' ],
62 silly audit   '@inquirer/number': [ '3.0.23' ],
62 silly audit   '@inquirer/password': [ '4.0.23' ],
62 silly audit   '@inquirer/prompts': [ '7.8.2' ],
62 silly audit   '@inquirer/rawlist': [ '4.1.11' ],
62 silly audit   '@inquirer/search': [ '3.2.2' ],
62 silly audit   '@inquirer/select': [ '4.4.2' ],
62 silly audit   '@inquirer/type': [ '3.0.10' ],
62 silly audit   '@ionic/angular': [ '8.7.17' ],
62 silly audit   '@ionic/core': [ '8.7.17' ],
62 silly audit   '@isaacs/balanced-match': [ '4.0.1' ],
62 silly audit   '@isaacs/brace-expansion': [ '5.0.1' ],
62 silly audit   '@isaacs/fs-minipass': [ '4.0.1' ],
62 silly audit   '@istanbuljs/schema': [ '0.1.3' ],
62 silly audit   '@jridgewell/gen-mapping': [ '0.3.13' ],
62 silly audit   '@jridgewell/resolve-uri': [ '3.1.2' ],
62 silly audit   '@jridgewell/sourcemap-codec': [ '1.5.5' ],
62 silly audit   '@jridgewell/trace-mapping': [ '0.3.31' ],
62 silly audit   '@listr2/prompt-adapter-inquirer': [ '3.0.1' ],
62 silly audit   '@lmdb/lmdb-darwin-arm64': [ '3.4.2' ],
62 silly audit   '@lmdb/lmdb-darwin-x64': [ '3.4.2' ],
62 silly audit   '@lmdb/lmdb-linux-arm': [ '3.4.2' ],
62 silly audit   '@lmdb/lmdb-linux-arm64': [ '3.4.2' ],
62 silly audit   '@lmdb/lmdb-linux-x64': [ '3.4.2' ],
62 silly audit   '@lmdb/lmdb-win32-arm64': [ '3.4.2' ],
62 silly audit   '@lmdb/lmdb-win32-x64': [ '3.4.2' ],
62 silly audit   '@modelcontextprotocol/sdk': [ '1.25.2' ],
62 silly audit   '@msgpackr-extract/msgpackr-extract-darwin-arm64': [ '3.0.3' ],
62 silly audit   '@msgpackr-extract/msgpackr-extract-darwin-x64': [ '3.0.3' ],
62 silly audit   '@msgpackr-extract/msgpackr-extract-linux-arm': [ '3.0.3' ],
62 silly audit   '@msgpackr-extract/msgpackr-extract-linux-arm64': [ '3.0.3' ],
62 silly audit   '@msgpackr-extract/msgpackr-extract-linux-x64': [ '3.0.3' ],
62 silly audit   '@msgpackr-extract/msgpackr-extract-win32-x64': [ '3.0.3' ],
62 silly audit   '@napi-rs/nice': [ '1.1.1' ],
62 silly audit   '@napi-rs/nice-android-arm-eabi': [ '1.1.1' ],
62 silly audit   '@napi-rs/nice-android-arm64': [ '1.1.1' ],
62 silly audit   '@napi-rs/nice-darwin-arm64': [ '1.1.1' ],
62 silly audit   '@napi-rs/nice-darwin-x64': [ '1.1.1' ],
62 silly audit   '@napi-rs/nice-freebsd-x64': [ '1.1.1' ],
62 silly audit   '@napi-rs/nice-linux-arm-gnueabihf': [ '1.1.1' ],
62 silly audit   '@napi-rs/nice-linux-arm64-gnu': [ '1.1.1' ],
62 silly audit   '@napi-rs/nice-linux-arm64-musl': [ '1.1.1' ],
62 silly audit   '@napi-rs/nice-linux-ppc64-gnu': [ '1.1.1' ],
62 silly audit   '@napi-rs/nice-linux-riscv64-gnu': [ '1.1.1' ],
62 silly audit   '@napi-rs/nice-linux-s390x-gnu': [ '1.1.1' ],
62 silly audit   '@napi-rs/nice-linux-x64-gnu': [ '1.1.1' ],
62 silly audit   '@napi-rs/nice-linux-x64-musl': [ '1.1.1' ],
62 silly audit   '@napi-rs/nice-openharmony-arm64': [ '1.1.1' ],
62 silly audit   '@napi-rs/nice-win32-arm64-msvc': [ '1.1.1' ],
62 silly audit   '@napi-rs/nice-win32-ia32-msvc': [ '1.1.1' ],
62 silly audit   '@napi-rs/nice-win32-x64-msvc': [ '1.1.1' ],
62 silly audit   '@npmcli/agent': [ '4.0.0' ],
62 silly audit   'lru-cache': [ '11.2.5', '5.1.1' ],
62 silly audit   '@npmcli/fs': [ '5.0.0' ],
62 silly audit   '@npmcli/git': [ '7.0.1' ],
62 silly audit   ini: [ '6.0.0', '5.0.0' ],
62 silly audit   isexe: [ '3.1.1', '2.0.0' ],
62 silly audit   'proc-log': [ '6.1.0', '5.0.0' ],
62 silly audit   which: [ '6.0.0', '1.3.1', '2.0.2' ],
62 silly audit   '@npmcli/installed-package-contents': [ '4.0.0' ],
62 silly audit   '@npmcli/node-gyp': [ '5.0.0' ],
62 silly audit   '@npmcli/package-json': [ '7.0.4' ],
62 silly audit   glob: [ '13.0.1', '7.2.3' ],
62 silly audit   minimatch: [ '10.1.2', '3.1.2' ],
62 silly audit   '@npmcli/promise-spawn': [ '9.0.1' ],
62 silly audit   '@npmcli/redact': [ '4.0.0' ],
62 silly audit   '@npmcli/run-script': [ '10.0.3' ],
62 silly audit   '@parcel/watcher': [ '2.5.6' ],
62 silly audit   '@parcel/watcher-android-arm64': [ '2.5.6' ],
62 silly audit   '@parcel/watcher-darwin-arm64': [ '2.5.6' ],
62 silly audit   '@parcel/watcher-darwin-x64': [ '2.5.6' ],
62 silly audit   '@parcel/watcher-freebsd-x64': [ '2.5.6' ],
62 silly audit   '@parcel/watcher-linux-arm-glibc': [ '2.5.6' ],
62 silly audit   '@parcel/watcher-linux-arm-musl': [ '2.5.6' ],
62 silly audit   '@parcel/watcher-linux-arm64-glibc': [ '2.5.6' ],
62 silly audit   '@parcel/watcher-linux-arm64-musl': [ '2.5.6' ],
62 silly audit   '@parcel/watcher-linux-x64-glibc': [ '2.5.6' ],
62 silly audit   '@parcel/watcher-linux-x64-musl': [ '2.5.6' ],
62 silly audit   '@parcel/watcher-win32-arm64': [ '2.5.6' ],
62 silly audit   '@parcel/watcher-win32-ia32': [ '2.5.6' ],
62 silly audit   '@parcel/watcher-win32-x64': [ '2.5.6' ],
62 silly audit   'node-addon-api': [ '7.1.1', '6.1.0' ],
62 silly audit   '@rollup/rollup-android-arm-eabi': [ '4.52.3' ],
62 silly audit   '@rollup/rollup-android-arm64': [ '4.52.3' ],
62 silly audit   '@rollup/rollup-darwin-arm64': [ '4.52.3', '4.34.9' ],
62 silly audit   '@rollup/rollup-darwin-x64': [ '4.52.3', '4.34.9' ],
62 silly audit   '@rollup/rollup-freebsd-arm64': [ '4.52.3' ],
62 silly audit   '@rollup/rollup-freebsd-x64': [ '4.52.3' ],
62 silly audit   '@rollup/rollup-linux-arm-gnueabihf': [ '4.52.3' ],
62 silly audit   '@rollup/rollup-linux-arm-musleabihf': [ '4.52.3' ],
62 silly audit   '@rollup/rollup-linux-arm64-gnu': [ '4.52.3', '4.34.9' ],
62 silly audit   '@rollup/rollup-linux-arm64-musl': [ '4.52.3', '4.34.9' ],
62 silly audit   '@rollup/rollup-linux-loong64-gnu': [ '4.52.3' ],
62 silly audit   '@rollup/rollup-linux-ppc64-gnu': [ '4.52.3' ],
62 silly audit   '@rollup/rollup-linux-riscv64-gnu': [ '4.52.3' ],
62 silly audit   '@rollup/rollup-linux-riscv64-musl': [ '4.52.3' ],
62 silly audit   '@rollup/rollup-linux-s390x-gnu': [ '4.52.3' ],
62 silly audit   '@rollup/rollup-linux-x64-gnu': [ '4.52.3', '4.34.9' ],
62 silly audit   '@rollup/rollup-linux-x64-musl': [ '4.52.3', '4.34.9' ],
62 silly audit   '@rollup/rollup-openharmony-arm64': [ '4.52.3' ],
62 silly audit   '@rollup/rollup-win32-arm64-msvc': [ '4.52.3', '4.34.9' ],
62 silly audit   '@rollup/rollup-win32-ia32-msvc': [ '4.52.3' ],
62 silly audit   '@rollup/rollup-win32-x64-gnu': [ '4.52.3' ],
62 silly audit   '@rollup/rollup-win32-x64-msvc': [ '4.52.3', '4.34.9' ],
62 silly audit   '@schematics/angular': [ '20.3.15' ],
62 silly audit   '@sigstore/bundle': [ '4.0.0' ],
62 silly audit   '@sigstore/core': [ '3.1.0' ],
62 silly audit   '@sigstore/protobuf-specs': [ '0.5.0' ],
62 silly audit   '@sigstore/sign': [ '4.1.0' ],
62 silly audit   '@sigstore/tuf': [ '4.0.1' ],
62 silly audit   '@sigstore/verify': [ '3.1.0' ],
62 silly audit   '@socket.io/component-emitter': [ '3.1.2' ],
62 silly audit   '@stencil/core': [ '4.38.0' ],
62 silly audit   '@tufjs/canonical-json': [ '2.0.0' ],
62 silly audit   '@tufjs/models': [ '4.1.0' ],
62 silly audit   '@types/cors': [ '2.8.19' ],
62 silly audit   '@types/crypto-js': [ '4.2.2' ],
62 silly audit   '@types/estree': [ '1.0.8' ],
62 silly audit   '@types/jasmine': [ '5.1.15' ],
62 silly audit   '@types/node': [ '25.2.0' ],
62 silly audit   '@vitejs/plugin-basic-ssl': [ '2.1.0' ],
62 silly audit   '@yarnpkg/lockfile': [ '1.1.0' ],
62 silly audit   abbrev: [ '4.0.0' ],
62 silly audit   accepts: [ '2.0.0', '1.3.8' ],
62 silly audit   'adler-32': [ '1.3.1' ],
62 silly audit   'agent-base': [ '7.1.4' ],
62 silly audit   ajv: [ '8.17.1' ],
62 silly audit   'ajv-formats': [ '3.0.1' ],
62 silly audit   algoliasearch: [ '5.35.0' ],
62 silly audit   'ansi-escapes': [ '7.3.0' ],
62 silly audit   'ansi-regex': [ '6.2.2', '5.0.1' ],
62 silly audit   'ansi-styles': [ '6.2.3', '4.3.0' ],
62 silly audit   anymatch: [ '3.1.3' ],
62 silly audit   picomatch: [ '2.3.1', '4.0.3' ],
62 silly audit   'balanced-match': [ '1.0.2' ],
62 silly audit   base64id: [ '2.0.0' ],
62 silly audit   'baseline-browser-mapping': [ '2.9.19' ],
62 silly audit   beasties: [ '0.3.5' ],
62 silly audit   'binary-extensions': [ '2.3.0' ],
62 silly audit   'body-parser': [ '2.2.2', '1.20.4' ],
62 silly audit   boolbase: [ '1.0.0' ],
62 silly audit   'brace-expansion': [ '1.1.12' ],
62 silly audit   braces: [ '3.0.3' ],
62 silly audit   browserslist: [ '4.28.1' ],
62 silly audit   'buffer-from': [ '1.1.2' ],
62 silly audit   bytes: [ '3.1.2' ],
62 silly audit   cacache: [ '20.0.3' ],
62 silly audit   'call-bind-apply-helpers': [ '1.0.2' ],
62 silly audit   'call-bound': [ '1.0.4' ],
62 silly audit   'caniuse-lite': [ '1.0.30001767' ],
62 silly audit   cfb: [ '1.2.2' ],
62 silly audit   chalk: [ '5.6.2' ],
62 silly audit   chardet: [ '2.1.1' ],
62 silly audit   chokidar: [ '4.0.3', '3.6.0' ],
62 silly audit   chownr: [ '3.0.0' ],
62 silly audit   'cli-cursor': [ '5.0.0' ],
62 silly audit   'cli-spinners': [ '2.9.2' ],
62 silly audit   'cli-truncate': [ '4.0.0' ],
62 silly audit   'cli-width': [ '4.1.0' ],
62 silly audit   cliui: [ '9.0.1', '7.0.4' ],
62 silly audit   'wrap-ansi': [ '9.0.2', '7.0.0', '6.2.0' ],
62 silly audit   codepage: [ '1.15.0' ],
62 silly audit   'color-convert': [ '2.0.1' ],
62 silly audit   'color-name': [ '1.1.4' ],
62 silly audit   colorette: [ '2.0.20' ],
62 silly audit   'concat-map': [ '0.0.1' ],
62 silly audit   connect: [ '3.7.0' ],
62 silly audit   debug: [ '2.6.9', '4.4.3' ],
62 silly audit   encodeurl: [ '1.0.2', '2.0.0' ],
62 silly audit   finalhandler: [ '1.1.2', '2.1.1' ],
62 silly audit   ms: [ '2.0.0', '2.1.3' ],
62 silly audit   'on-finished': [ '2.3.0', '2.4.1' ],
62 silly audit   statuses: [ '1.5.0', '2.0.2' ],
62 silly audit   'content-disposition': [ '1.0.1' ],
62 silly audit   'content-type': [ '1.0.5' ],
62 silly audit   cookie: [ '0.7.2' ],
62 silly audit   'cookie-signature': [ '1.2.2' ],
62 silly audit   cors: [ '2.8.6' ],
62 silly audit   'crc-32': [ '1.2.2' ],
62 silly audit   'cross-spawn': [ '7.0.6' ],
62 silly audit   'crypto-js': [ '4.2.0' ],
62 silly audit   'css-select': [ '6.0.0' ],
62 silly audit   'css-what': [ '7.0.0' ],
62 silly audit   'custom-event': [ '1.0.1' ],
62 silly audit   'date-format': [ '4.0.14' ],
62 silly audit   depd: [ '2.0.0' ],
62 silly audit   destroy: [ '1.2.0' ],
62 silly audit   'detect-libc': [ '2.1.2' ],
62 silly audit   di: [ '0.0.1' ],
62 silly audit   'dom-serialize': [ '2.2.1' ],
62 silly audit   'dom-serializer': [ '2.0.0' ],
62 silly audit   domelementtype: [ '2.3.0' ],
62 silly audit   domhandler: [ '5.0.3' ],
62 silly audit   domutils: [ '3.2.2' ],
62 silly audit   'dunder-proto': [ '1.0.1' ],
62 silly audit   'ee-first': [ '1.1.1' ],
62 silly audit   'electron-to-chromium': [ '1.5.286' ],
62 silly audit   'emoji-regex': [ '10.6.0', '8.0.0' ],
62 silly audit   encoding: [ '0.1.13' ],
62 silly audit   'iconv-lite': [ '0.6.3', '0.7.2', '0.4.24' ],
62 silly audit   'engine.io': [ '6.6.5' ],
62 silly audit   'engine.io-client': [ '6.6.4' ],
62 silly audit   'engine.io-parser': [ '5.2.3' ],
62 silly audit   'mime-db': [ '1.52.0', '1.54.0' ],
62 silly audit   'mime-types': [ '2.1.35', '3.0.2' ],
62 silly audit   negotiator: [ '0.6.3', '1.0.0' ],
62 silly audit   ent: [ '2.2.2' ],
62 silly audit   entities: [ '4.5.0', '7.0.1', '6.0.1' ],
62 silly audit   'env-paths': [ '2.2.1' ],
62 silly audit   environment: [ '1.1.0' ],
62 silly audit   'err-code': [ '2.0.3' ],
62 silly audit   'es-define-property': [ '1.0.1' ],
62 silly audit   'es-errors': [ '1.3.0' ],
62 silly audit   'es-object-atoms': [ '1.1.1' ],
62 silly audit   esbuild: [ '0.25.9' ],
62 silly audit   escalade: [ '3.2.0' ],
62 silly audit   'escape-html': [ '1.0.3' ],
62 silly audit   etag: [ '1.8.1' ],
62 silly audit   eventemitter3: [ '4.0.7', '5.0.4' ],
62 silly audit   eventsource: [ '3.0.7' ],
62 silly audit   'eventsource-parser': [ '3.0.6' ],
62 silly audit   'exponential-backoff': [ '3.1.3' ],
62 silly audit   express: [ '5.2.1' ],
62 silly audit   'express-rate-limit': [ '7.5.1' ],
62 silly audit   extend: [ '3.0.2' ],
62 silly audit   'fast-deep-equal': [ '3.1.3' ],
62 silly audit   'fast-uri': [ '3.1.0' ],
62 silly audit   fdir: [ '6.5.0' ],
62 silly audit   'fill-range': [ '7.1.1' ],
62 silly audit   flatted: [ '3.3.3' ],
62 silly audit   'follow-redirects': [ '1.15.11' ],
62 silly audit   forwarded: [ '0.2.0' ],
62 silly audit   frac: [ '1.1.2' ],
62 silly audit   fresh: [ '2.0.0' ],
62 silly audit   'fs-extra': [ '8.1.0' ],
62 silly audit   'fs-minipass': [ '3.0.3' ],
62 silly audit   'fs.realpath': [ '1.0.0' ],
62 silly audit   fsevents: [ '2.3.3' ],
62 silly audit   'function-bind': [ '1.1.2' ],
62 silly audit   gensync: [ '1.0.0-beta.2' ],
62 silly audit   'get-caller-file': [ '2.0.5' ],
62 silly audit   'get-east-asian-width': [ '1.4.0' ],
62 silly audit   'get-intrinsic': [ '1.3.0' ],
62 silly audit   'get-proto': [ '1.0.1' ],
62 silly audit   'glob-parent': [ '5.1.2' ],
62 silly audit   'glob-to-regexp': [ '0.4.1' ],
62 silly audit   gopd: [ '1.2.0' ],
62 silly audit   'graceful-fs': [ '4.2.11' ],
62 silly audit   'has-flag': [ '4.0.0' ],
62 silly audit   'has-symbols': [ '1.1.0' ],
62 silly audit   'has-tostringtag': [ '1.0.2' ],
62 silly audit   hasown: [ '2.0.2' ],
62 silly audit   'hosted-git-info': [ '9.0.2' ],
62 silly audit   'html-escaper': [ '2.0.2' ],
62 silly audit   htmlparser2: [ '10.1.0' ],
62 silly audit   'http-cache-semantics': [ '4.2.0' ],
62 silly audit   'http-errors': [ '2.0.1' ],
62 silly audit   'http-proxy': [ '1.18.1' ],
62 silly audit   'http-proxy-agent': [ '7.0.2' ],
62 silly audit   'https-proxy-agent': [ '7.0.6' ],
62 silly audit   'ignore-walk': [ '8.0.0' ],
62 silly audit   immutable: [ '5.1.4' ],
62 silly audit   imurmurhash: [ '0.1.4' ],
62 silly audit   inflight: [ '1.0.6' ],
62 silly audit   inherits: [ '2.0.4' ],
62 silly audit   ionicons: [ '8.0.13' ],
62 silly audit   'ip-address': [ '10.1.0' ],
62 silly audit   'ipaddr.js': [ '1.9.1' ],
62 silly audit   'is-binary-path': [ '2.1.0' ],
62 silly audit   'is-core-module': [ '2.16.1' ],
62 silly audit   'is-extglob': [ '2.1.1' ],
62 silly audit   'is-fullwidth-code-point': [ '4.0.0', '3.0.0', '5.1.0' ],
62 silly audit   'is-glob': [ '4.0.3' ],
62 silly audit   'is-interactive': [ '2.0.0' ],
62 silly audit   'is-number': [ '7.0.0' ],
62 silly audit   'is-promise': [ '4.0.0' ],
62 silly audit   'is-regex': [ '1.2.1' ],
62 silly audit   'is-unicode-supported': [ '2.1.0', '1.3.0' ],
62 silly audit   isbinaryfile: [ '4.0.10' ],
62 silly audit   'istanbul-lib-coverage': [ '3.2.2' ],
62 silly audit   'istanbul-lib-instrument': [ '6.0.3', '5.2.1' ],
62 silly audit   'istanbul-lib-report': [ '3.0.1' ],
62 silly audit   'istanbul-lib-source-maps': [ '4.0.1' ],
62 silly audit   'source-map': [ '0.6.1', '0.7.6' ],
62 silly audit   'istanbul-reports': [ '3.2.0' ],
62 silly audit   'jasmine-core': [ '5.9.0', '4.6.1' ],
62 silly audit   jose: [ '6.1.3' ],
62 silly audit   'js-tokens': [ '4.0.0' ],
62 silly audit   jsesc: [ '3.1.0' ],
62 silly audit   'json-parse-even-better-errors': [ '5.0.0' ],
62 silly audit   'json-schema-traverse': [ '1.0.0' ],
62 silly audit   'json-schema-typed': [ '8.0.2' ],
62 silly audit   json5: [ '2.2.3' ],
62 silly audit   'jsonc-parser': [ '3.3.1' ],
62 silly audit   jsonfile: [ '4.0.0' ],
62 silly audit   jsonparse: [ '1.3.1' ],
62 silly audit   karma: [ '6.4.4' ],
62 silly audit   'karma-chrome-launcher': [ '3.2.0' ],
62 silly audit   'karma-coverage': [ '2.2.1' ],
62 silly audit   'karma-jasmine': [ '5.1.0' ],
62 silly audit   'karma-jasmine-html-reporter': [ '2.1.0' ],
62 silly audit   'media-typer': [ '0.3.0', '1.1.0' ],
62 silly audit   'raw-body': [ '2.5.3', '3.0.2' ],
62 silly audit   readdirp: [ '3.6.0', '4.1.2' ],
62 silly audit   'string-width': [ '4.2.3', '7.2.0' ],
62 silly audit   'strip-ansi': [ '6.0.1', '7.1.2' ],
62 silly audit   'type-is': [ '1.6.18', '2.0.1' ],
62 silly audit   yargs: [ '16.2.0', '18.0.0' ],
62 silly audit   'yargs-parser': [ '20.2.9', '22.0.0' ],
62 silly audit   listr2: [ '9.0.1' ],
62 silly audit   lmdb: [ '3.4.2' ],
62 silly audit   lodash: [ '4.17.23' ],
62 silly audit   'log-symbols': [ '6.0.0' ],
62 silly audit   'log-update': [ '6.1.0' ],
62 silly audit   'slice-ansi': [ '7.1.2', '5.0.0' ],
62 silly audit   log4js: [ '6.9.1' ],
62 silly audit   'magic-string': [ '0.30.17' ],
62 silly audit   'make-dir': [ '4.0.0' ],
62 silly audit   'make-fetch-happen': [ '15.0.3' ],
62 silly audit   'math-intrinsics': [ '1.1.0' ],
62 silly audit   'merge-descriptors': [ '2.0.0' ],
62 silly audit   mime: [ '2.6.0' ],
62 silly audit   'mimic-function': [ '5.0.1' ],
62 silly audit   minimist: [ '1.2.8' ],
62 silly audit   minipass: [ '7.1.2', '3.3.6' ],
62 silly audit   'minipass-collect': [ '2.0.1' ],
62 silly audit   'minipass-fetch': [ '5.0.1' ],
62 silly audit   'minipass-flush': [ '1.0.5' ],
62 silly audit   yallist: [ '4.0.0', '5.0.0', '3.1.1' ],
62 silly audit   'minipass-pipeline': [ '1.2.4' ],
62 silly audit   'minipass-sized': [ '2.0.0' ],
62 silly audit   minizlib: [ '3.1.0' ],
62 silly audit   mkdirp: [ '0.5.6' ],
62 silly audit   moment: [ '2.30.1' ],
62 silly audit   mrmime: [ '2.0.1' ],
62 silly audit   msgpackr: [ '1.11.8' ],
62 silly audit   'msgpackr-extract': [ '3.0.3' ],
62 silly audit   'mute-stream': [ '2.0.0' ],
62 silly audit   nanoid: [ '3.3.11' ],
62 silly audit   'node-gyp': [ '12.2.0' ],
62 silly audit   'node-gyp-build-optional-packages': [ '5.2.2' ],
62 silly audit   'node-releases': [ '2.0.27' ],
62 silly audit   nopt: [ '9.0.0' ],
62 silly audit   'normalize-path': [ '3.0.0' ],
62 silly audit   'npm-bundled': [ '5.0.0' ],
62 silly audit   'npm-install-checks': [ '8.0.0' ],
62 silly audit   'npm-normalize-package-bin': [ '5.0.0' ],
62 silly audit   'npm-package-arg': [ '13.0.0' ],
62 silly audit   'npm-packlist': [ '10.0.3' ],
62 silly audit   'npm-pick-manifest': [ '11.0.3' ],
62 silly audit   'npm-registry-fetch': [ '19.1.1' ],
62 silly audit   'nth-check': [ '2.1.1' ],
62 silly audit   'object-assign': [ '4.1.1' ],
62 silly audit   'object-inspect': [ '1.13.4' ],
62 silly audit   once: [ '1.4.0' ],
62 silly audit   onetime: [ '7.0.0' ],
62 silly audit   ora: [ '8.2.0' ],
62 silly audit   'ordered-binary': [ '1.6.1' ],
62 silly audit   'p-map': [ '7.0.4' ],
62 silly audit   pacote: [ '21.0.4' ],
62 silly audit   parse5: [ '8.0.0' ],
62 silly audit   'parse5-html-rewriting-stream': [ '8.0.0' ],
62 silly audit   'parse5-sax-parser': [ '8.0.0' ],
62 silly audit   parseurl: [ '1.3.3' ],
62 silly audit   'path-is-absolute': [ '1.0.1' ],
62 silly audit   'path-key': [ '3.1.1' ],
62 silly audit   'path-parse': [ '1.0.7' ],
62 silly audit   'path-scurry': [ '2.0.1' ],
62 silly audit   'path-to-regexp': [ '8.3.0' ],
62 silly audit   picocolors: [ '1.1.1' ],
62 silly audit   piscina: [ '5.1.3' ],
62 silly audit   'pkce-challenge': [ '5.0.1' ],
62 silly audit   postcss: [ '8.5.6' ],
62 silly audit   'postcss-media-query-parser': [ '0.2.3' ],
62 silly audit   'promise-retry': [ '2.0.1' ],
62 silly audit   'proxy-addr': [ '2.0.7' ],
62 silly audit   punycode: [ '1.4.1' ],
62 silly audit   qjobs: [ '1.2.0' ],
62 silly audit   qs: [ '6.14.1' ],
62 silly audit   'range-parser': [ '1.2.1' ],
62 silly audit   'reflect-metadata': [ '0.2.2' ],
62 silly audit   'require-directory': [ '2.1.1' ],
62 silly audit   'require-from-string': [ '2.0.2' ],
62 silly audit   'requires-port': [ '1.0.0' ],
62 silly audit   resolve: [ '1.22.10' ],
62 silly audit   'restore-cursor': [ '5.1.0' ],
62 silly audit   retry: [ '0.12.0' ],
62 silly audit   rfdc: [ '1.4.1' ],
62 silly audit   rimraf: [ '3.0.2' ],
62 silly audit   rollup: [ '4.52.3' ],
62 silly audit   router: [ '2.2.0' ],
62 silly audit   rxjs: [ '7.8.2' ],
62 silly audit   'safe-regex-test': [ '1.1.0' ],
62 silly audit   'safer-buffer': [ '2.1.2' ],
62 silly audit   sass: [ '1.90.0' ],
62 silly audit   send: [ '1.2.1' ],
62 silly audit   'serve-static': [ '2.2.1' ],
62 silly audit   setprototypeof: [ '1.2.0' ],
62 silly audit   'shebang-command': [ '2.0.0' ],
62 silly audit   'shebang-regex': [ '3.0.0' ],
62 silly audit   'side-channel': [ '1.1.0' ],
62 silly audit   'side-channel-list': [ '1.0.0' ],
62 silly audit   'side-channel-map': [ '1.0.1' ],
62 silly audit   'side-channel-weakmap': [ '1.0.2' ],
62 silly audit   'signal-exit': [ '4.1.0' ],
62 silly audit   sigstore: [ '4.1.0' ],
62 silly audit   'smart-buffer': [ '4.2.0' ],
62 silly audit   'socket.io': [ '4.8.3' ],
62 silly audit   'socket.io-adapter': [ '2.5.6' ],
62 silly audit   'socket.io-client': [ '4.8.3' ],
62 silly audit   'socket.io-parser': [ '4.2.5' ],
62 silly audit   socks: [ '2.8.7' ],
62 silly audit   'socks-proxy-agent': [ '8.0.5' ],
62 silly audit   'source-map-js': [ '1.2.1' ],
62 silly audit   'source-map-support': [ '0.5.21' ],
62 silly audit   'spdx-correct': [ '3.2.0' ],
62 silly audit   'spdx-exceptions': [ '2.5.0' ],
62 silly audit   'spdx-expression-parse': [ '3.0.1' ],
62 silly audit   'spdx-license-ids': [ '3.0.22' ],
62 silly audit   ssf: [ '0.11.2' ],
62 silly audit   ssri: [ '13.0.0' ],
62 silly audit   'stdin-discarder': [ '0.2.2' ],
62 silly audit   streamroller: [ '3.1.5' ],
62 silly audit   'supports-color': [ '7.2.0' ],
62 silly audit   'supports-preserve-symlinks-flag': [ '1.0.0' ],
62 silly audit   tar: [ '7.5.7' ],
62 silly audit   tinyglobby: [ '0.2.14', '0.2.15' ],
62 silly audit   tmp: [ '0.2.5' ],
62 silly audit   'to-regex-range': [ '5.0.1' ],
62 silly audit   toidentifier: [ '1.0.1' ],
62 silly audit   tslib: [ '2.8.1' ],
62 silly audit   'tuf-js': [ '4.1.0' ],
62 silly audit   typescript: [ '5.9.3' ],
62 silly audit   'ua-parser-js': [ '0.7.41' ],
62 silly audit   'undici-types': [ '7.16.0' ],
62 silly audit   'unique-filename': [ '5.0.0' ],
62 silly audit   'unique-slug': [ '6.0.0' ],
62 silly audit   universalify: [ '0.1.2' ],
62 silly audit   unpipe: [ '1.0.0' ],
62 silly audit   'update-browserslist-db': [ '1.2.3' ],
62 silly audit   'utils-merge': [ '1.0.1' ],
62 silly audit   'validate-npm-package-license': [ '3.0.4' ],
62 silly audit   'validate-npm-package-name': [ '6.0.2' ],
62 silly audit   vary: [ '1.1.2' ],
62 silly audit   vite: [ '7.1.11' ],
62 silly audit   'void-elements': [ '2.0.1' ],
62 silly audit   watchpack: [ '2.4.4' ],
62 silly audit   'weak-lru-cache': [ '1.2.2' ],
62 silly audit   wmf: [ '1.0.2' ],
62 silly audit   word: [ '0.3.0' ],
62 silly audit   wrappy: [ '1.0.2' ],
62 silly audit   ws: [ '8.18.3' ],
62 silly audit   xlsx: [ '0.18.5' ],
62 silly audit   'xmlhttprequest-ssl': [ '2.1.2' ],
62 silly audit   y18n: [ '5.0.8' ],
62 silly audit   'yoctocolors-cjs': [ '2.1.3' ],
62 silly audit   zod: [ '4.1.13' ],
62 silly audit   'zod-to-json-schema': [ '3.25.1' ],
62 silly audit   'zone.js': [ '0.15.1' ],
62 silly audit   rrweb: [ '2.1.1' ],
62 silly audit   '@rrweb/types': [ '2.1.1' ],
62 silly audit   '@rrweb/utils': [ '2.1.1' ],
62 silly audit   '@types/css-font-loading-module': [ '0.0.7' ],
62 silly audit   '@xstate/fsm': [ '1.6.5' ],
62 silly audit   'base64-arraybuffer': [ '1.0.2' ],
62 silly audit   mitt: [ '3.0.1' ],
62 silly audit   rrdom: [ '2.1.1' ],
62 silly audit   'rrweb-snapshot': [ '2.1.1' ]
62 silly audit }
63 verbose reify failed optional dependency C:\Users\W10\Desktop\PROYECTO_METAS_PERU\metasperu.center\node_modules\fsevents
64 silly reify mark deleted [
64 silly reify   'C:\\Users\\W10\\Desktop\\PROYECTO_METAS_PERU\\metasperu.center\\node_modules\\fsevents'
64 silly reify ]
65 verbose reify failed optional dependency C:\Users\W10\Desktop\PROYECTO_METAS_PERU\metasperu.center\node_modules\@rollup\rollup-win32-ia32-msvc
66 silly reify mark deleted [
66 silly reify   'C:\\Users\\W10\\Desktop\\PROYECTO_METAS_PERU\\metasperu.center\\node_modules\\@rollup\\rollup-win32-ia32-msvc'
66 silly reify ]
67 verbose reify failed optional dependency C:\Users\W10\Desktop\PROYECTO_METAS_PERU\metasperu.center\node_modules\@rollup\rollup-win32-arm64-msvc
68 silly reify mark deleted [
68 silly reify   'C:\\Users\\W10\\Desktop\\PROYECTO_METAS_PERU\\metasperu.center\\node_modules\\@rollup\\rollup-win32-arm64-msvc'
68 silly reify ]
69 verbose reify failed optional dependency C:\Users\W10\Desktop\PROYECTO_METAS_PERU\metasperu.center\node_modules\@rollup\rollup-openharmony-arm64
70 silly reify mark deleted [
70 silly reify   'C:\\Users\\W10\\Desktop\\PROYECTO_METAS_PERU\\metasperu.center\\node_modules\\@rollup\\rollup-openharmony-arm64'
70 silly reify ]
71 verbose reify failed optional dependency C:\Users\W10\Desktop\PROYECTO_METAS_PERU\metasperu.center\node_modules\@rollup\rollup-linux-x64-musl
72 silly reify mark deleted [
72 silly reify   'C:\\Users\\W10\\Desktop\\PROYECTO_METAS_PERU\\metasperu.center\\node_modules\\@rollup\\rollup-linux-x64-musl'
72 silly reify ]
73 verbose reify failed optional dependency C:\Users\W10\Desktop\PROYECTO_METAS_PERU\metasperu.center\node_modules\@rollup\rollup-linux-x64-gnu
74 silly reify mark deleted [
74 silly reify   'C:\\Users\\W10\\Desktop\\PROYECTO_METAS_PERU\\metasperu.center\\node_modules\\@rollup\\rollup-linux-x64-gnu'
74 silly reify ]
75 verbose reify failed optional dependency C:\Users\W10\Desktop\PROYECTO_METAS_PERU\metasperu.center\node_modules\@rollup\rollup-linux-s390x-gnu
76 silly reify mark deleted [
76 silly reify   'C:\\Users\\W10\\Desktop\\PROYECTO_METAS_PERU\\metasperu.center\\node_modules\\@rollup\\rollup-linux-s390x-gnu'
76 silly reify ]
77 verbose reify failed optional dependency C:\Users\W10\Desktop\PROYECTO_METAS_PERU\metasperu.center\node_modules\@rollup\rollup-linux-riscv64-musl
78 silly reify mark deleted [
78 silly reify   'C:\\Users\\W10\\Desktop\\PROYECTO_METAS_PERU\\metasperu.center\\node_modules\\@rollup\\rollup-linux-riscv64-musl'
78 silly reify ]
79 verbose reify failed optional dependency C:\Users\W10\Desktop\PROYECTO_METAS_PERU\metasperu.center\node_modules\@rollup\rollup-linux-riscv64-gnu
80 silly reify mark deleted [
80 silly reify   'C:\\Users\\W10\\Desktop\\PROYECTO_METAS_PERU\\metasperu.center\\node_modules\\@rollup\\rollup-linux-riscv64-gnu'
80 silly reify ]
81 verbose reify failed optional dependency C:\Users\W10\Desktop\PROYECTO_METAS_PERU\metasperu.center\node_modules\@rollup\rollup-linux-ppc64-gnu
82 silly reify mark deleted [
82 silly reify   'C:\\Users\\W10\\Desktop\\PROYECTO_METAS_PERU\\metasperu.center\\node_modules\\@rollup\\rollup-linux-ppc64-gnu'
82 silly reify ]
83 verbose reify failed optional dependency C:\Users\W10\Desktop\PROYECTO_METAS_PERU\metasperu.center\node_modules\@rollup\rollup-linux-loong64-gnu
84 silly reify mark deleted [
84 silly reify   'C:\\Users\\W10\\Desktop\\PROYECTO_METAS_PERU\\metasperu.center\\node_modules\\@rollup\\rollup-linux-loong64-gnu'
84 silly reify ]
85 verbose reify failed optional dependency C:\Users\W10\Desktop\PROYECTO_METAS_PERU\metasperu.center\node_modules\@rollup\rollup-linux-arm64-musl
86 silly reify mark deleted [
86 silly reify   'C:\\Users\\W10\\Desktop\\PROYECTO_METAS_PERU\\metasperu.center\\node_modules\\@rollup\\rollup-linux-arm64-musl'
86 silly reify ]
87 verbose reify failed optional dependency C:\Users\W10\Desktop\PROYECTO_METAS_PERU\metasperu.center\node_modules\@rollup\rollup-linux-arm64-gnu
88 silly reify mark deleted [
88 silly reify   'C:\\Users\\W10\\Desktop\\PROYECTO_METAS_PERU\\metasperu.center\\node_modules\\@rollup\\rollup-linux-arm64-gnu'
88 silly reify ]
89 verbose reify failed optional dependency C:\Users\W10\Desktop\PROYECTO_METAS_PERU\metasperu.center\node_modules\@rollup\rollup-linux-arm-musleabihf
90 silly reify mark deleted [
90 silly reify   'C:\\Users\\W10\\Desktop\\PROYECTO_METAS_PERU\\metasperu.center\\node_modules\\@rollup\\rollup-linux-arm-musleabihf'
90 silly reify ]
91 verbose reify failed optional dependency C:\Users\W10\Desktop\PROYECTO_METAS_PERU\metasperu.center\node_modules\@rollup\rollup-linux-arm-gnueabihf
92 silly reify mark deleted [
92 silly reify   'C:\\Users\\W10\\Desktop\\PROYECTO_METAS_PERU\\metasperu.center\\node_modules\\@rollup\\rollup-linux-arm-gnueabihf'
92 silly reify ]
93 verbose reify failed optional dependency C:\Users\W10\Desktop\PROYECTO_METAS_PERU\metasperu.center\node_modules\@rollup\rollup-freebsd-x64
94 silly reify mark deleted [
94 silly reify   'C:\\Users\\W10\\Desktop\\PROYECTO_METAS_PERU\\metasperu.center\\node_modules\\@rollup\\rollup-freebsd-x64'
94 silly reify ]
95 verbose reify failed optional dependency C:\Users\W10\Desktop\PROYECTO_METAS_PERU\metasperu.center\node_modules\@rollup\rollup-freebsd-arm64
96 silly reify mark deleted [
96 silly reify   'C:\\Users\\W10\\Desktop\\PROYECTO_METAS_PERU\\metasperu.center\\node_modules\\@rollup\\rollup-freebsd-arm64'
96 silly reify ]
97 verbose reify failed optional dependency C:\Users\W10\Desktop\PROYECTO_METAS_PERU\metasperu.center\node_modules\@rollup\rollup-darwin-x64
98 silly reify mark deleted [
98 silly reify   'C:\\Users\\W10\\Desktop\\PROYECTO_METAS_PERU\\metasperu.center\\node_modules\\@rollup\\rollup-darwin-x64'
98 silly reify ]
99 verbose reify failed optional dependency C:\Users\W10\Desktop\PROYECTO_METAS_PERU\metasperu.center\node_modules\@rollup\rollup-darwin-arm64
100 silly reify mark deleted [
100 silly reify   'C:\\Users\\W10\\Desktop\\PROYECTO_METAS_PERU\\metasperu.center\\node_modules\\@rollup\\rollup-darwin-arm64'
100 silly reify ]
101 verbose reify failed optional dependency C:\Users\W10\Desktop\PROYECTO_METAS_PERU\metasperu.center\node_modules\@rollup\rollup-android-arm64
102 silly reify mark deleted [
102 silly reify   'C:\\Users\\W10\\Desktop\\PROYECTO_METAS_PERU\\metasperu.center\\node_modules\\@rollup\\rollup-android-arm64'
102 silly reify ]
103 verbose reify failed optional dependency C:\Users\W10\Desktop\PROYECTO_METAS_PERU\metasperu.center\node_modules\@rollup\rollup-android-arm-eabi
104 silly reify mark deleted [
104 silly reify   'C:\\Users\\W10\\Desktop\\PROYECTO_METAS_PERU\\metasperu.center\\node_modules\\@rollup\\rollup-android-arm-eabi'
104 silly reify ]
105 verbose reify failed optional dependency C:\Users\W10\Desktop\PROYECTO_METAS_PERU\metasperu.center\node_modules\@parcel\watcher-win32-ia32
106 silly reify mark deleted [
106 silly reify   'C:\\Users\\W10\\Desktop\\PROYECTO_METAS_PERU\\metasperu.center\\node_modules\\@parcel\\watcher-win32-ia32'
106 silly reify ]
107 verbose reify failed optional dependency C:\Users\W10\Desktop\PROYECTO_METAS_PERU\metasperu.center\node_modules\@parcel\watcher-win32-arm64
108 silly reify mark deleted [
108 silly reify   'C:\\Users\\W10\\Desktop\\PROYECTO_METAS_PERU\\metasperu.center\\node_modules\\@parcel\\watcher-win32-arm64'
108 silly reify ]
109 verbose reify failed optional dependency C:\Users\W10\Desktop\PROYECTO_METAS_PERU\metasperu.center\node_modules\@parcel\watcher-linux-x64-musl
110 silly reify mark deleted [
110 silly reify   'C:\\Users\\W10\\Desktop\\PROYECTO_METAS_PERU\\metasperu.center\\node_modules\\@parcel\\watcher-linux-x64-musl'
110 silly reify ]
111 verbose reify failed optional dependency C:\Users\W10\Desktop\PROYECTO_METAS_PERU\metasperu.center\node_modules\@parcel\watcher-linux-x64-glibc
112 silly reify mark deleted [
112 silly reify   'C:\\Users\\W10\\Desktop\\PROYECTO_METAS_PERU\\metasperu.center\\node_modules\\@parcel\\watcher-linux-x64-glibc'
112 silly reify ]
113 verbose reify failed optional dependency C:\Users\W10\Desktop\PROYECTO_METAS_PERU\metasperu.center\node_modules\@parcel\watcher-linux-arm64-musl
114 silly reify mark deleted [
114 silly reify   'C:\\Users\\W10\\Desktop\\PROYECTO_METAS_PERU\\metasperu.center\\node_modules\\@parcel\\watcher-linux-arm64-musl'
114 silly reify ]
115 verbose reify failed optional dependency C:\Users\W10\Desktop\PROYECTO_METAS_PERU\metasperu.center\node_modules\@parcel\watcher-linux-arm64-glibc
116 silly reify mark deleted [
116 silly reify   'C:\\Users\\W10\\Desktop\\PROYECTO_METAS_PERU\\metasperu.center\\node_modules\\@parcel\\watcher-linux-arm64-glibc'
116 silly reify ]
117 verbose reify failed optional dependency C:\Users\W10\Desktop\PROYECTO_METAS_PERU\metasperu.center\node_modules\@parcel\watcher-linux-arm-musl
118 silly reify mark deleted [
118 silly reify   'C:\\Users\\W10\\Desktop\\PROYECTO_METAS_PERU\\metasperu.center\\node_modules\\@parcel\\watcher-linux-arm-musl'
118 silly reify ]
119 verbose reify failed optional dependency C:\Users\W10\Desktop\PROYECTO_METAS_PERU\metasperu.center\node_modules\@parcel\watcher-linux-arm-glibc
120 silly reify mark deleted [
120 silly reify   'C:\\Users\\W10\\Desktop\\PROYECTO_METAS_PERU\\metasperu.center\\node_modules\\@parcel\\watcher-linux-arm-glibc'
120 silly reify ]
121 verbose reify failed optional dependency C:\Users\W10\Desktop\PROYECTO_METAS_PERU\metasperu.center\node_modules\@parcel\watcher-freebsd-x64
122 silly reify mark deleted [
122 silly reify   'C:\\Users\\W10\\Desktop\\PROYECTO_METAS_PERU\\metasperu.center\\node_modules\\@parcel\\watcher-freebsd-x64'
122 silly reify ]
123 verbose reify failed optional dependency C:\Users\W10\Desktop\PROYECTO_METAS_PERU\metasperu.center\node_modules\@parcel\watcher-darwin-x64
124 silly reify mark deleted [
124 silly reify   'C:\\Users\\W10\\Desktop\\PROYECTO_METAS_PERU\\metasperu.center\\node_modules\\@parcel\\watcher-darwin-x64'
124 silly reify ]
125 verbose reify failed optional dependency C:\Users\W10\Desktop\PROYECTO_METAS_PERU\metasperu.center\node_modules\@parcel\watcher-darwin-arm64
126 silly reify mark deleted [
126 silly reify   'C:\\Users\\W10\\Desktop\\PROYECTO_METAS_PERU\\metasperu.center\\node_modules\\@parcel\\watcher-darwin-arm64'
126 silly reify ]
127 verbose reify failed optional dependency C:\Users\W10\Desktop\PROYECTO_METAS_PERU\metasperu.center\node_modules\@parcel\watcher-android-arm64
128 silly reify mark deleted [
128 silly reify   'C:\\Users\\W10\\Desktop\\PROYECTO_METAS_PERU\\metasperu.center\\node_modules\\@parcel\\watcher-android-arm64'
128 silly reify ]
129 verbose reify failed optional dependency C:\Users\W10\Desktop\PROYECTO_METAS_PERU\metasperu.center\node_modules\@napi-rs\nice-win32-ia32-msvc
130 silly reify mark deleted [
130 silly reify   'C:\\Users\\W10\\Desktop\\PROYECTO_METAS_PERU\\metasperu.center\\node_modules\\@napi-rs\\nice-win32-ia32-msvc'
130 silly reify ]
131 verbose reify failed optional dependency C:\Users\W10\Desktop\PROYECTO_METAS_PERU\metasperu.center\node_modules\@napi-rs\nice-win32-arm64-msvc
132 silly reify mark deleted [
132 silly reify   'C:\\Users\\W10\\Desktop\\PROYECTO_METAS_PERU\\metasperu.center\\node_modules\\@napi-rs\\nice-win32-arm64-msvc'
132 silly reify ]
133 verbose reify failed optional dependency C:\Users\W10\Desktop\PROYECTO_METAS_PERU\metasperu.center\node_modules\@napi-rs\nice-openharmony-arm64
134 silly reify mark deleted [
134 silly reify   'C:\\Users\\W10\\Desktop\\PROYECTO_METAS_PERU\\metasperu.center\\node_modules\\@napi-rs\\nice-openharmony-arm64'
134 silly reify ]
135 verbose reify failed optional dependency C:\Users\W10\Desktop\PROYECTO_METAS_PERU\metasperu.center\node_modules\@napi-rs\nice-linux-x64-musl
136 silly reify mark deleted [
136 silly reify   'C:\\Users\\W10\\Desktop\\PROYECTO_METAS_PERU\\metasperu.center\\node_modules\\@napi-rs\\nice-linux-x64-musl'
136 silly reify ]
137 verbose reify failed optional dependency C:\Users\W10\Desktop\PROYECTO_METAS_PERU\metasperu.center\node_modules\@napi-rs\nice-linux-x64-gnu
138 silly reify mark deleted [
138 silly reify   'C:\\Users\\W10\\Desktop\\PROYECTO_METAS_PERU\\metasperu.center\\node_modules\\@napi-rs\\nice-linux-x64-gnu'
138 silly reify ]
139 verbose reify failed optional dependency C:\Users\W10\Desktop\PROYECTO_METAS_PERU\metasperu.center\node_modules\@napi-rs\nice-linux-s390x-gnu
140 silly reify mark deleted [
140 silly reify   'C:\\Users\\W10\\Desktop\\PROYECTO_METAS_PERU\\metasperu.center\\node_modules\\@napi-rs\\nice-linux-s390x-gnu'
140 silly reify ]
141 verbose reify failed optional dependency C:\Users\W10\Desktop\PROYECTO_METAS_PERU\metasperu.center\node_modules\@napi-rs\nice-linux-riscv64-gnu
142 silly reify mark deleted [
142 silly reify   'C:\\Users\\W10\\Desktop\\PROYECTO_METAS_PERU\\metasperu.center\\node_modules\\@napi-rs\\nice-linux-riscv64-gnu'
142 silly reify ]
143 verbose reify failed optional dependency C:\Users\W10\Desktop\PROYECTO_METAS_PERU\metasperu.center\node_modules\@napi-rs\nice-linux-ppc64-gnu
144 silly reify mark deleted [
144 silly reify   'C:\\Users\\W10\\Desktop\\PROYECTO_METAS_PERU\\metasperu.center\\node_modules\\@napi-rs\\nice-linux-ppc64-gnu'
144 silly reify ]
145 verbose reify failed optional dependency C:\Users\W10\Desktop\PROYECTO_METAS_PERU\metasperu.center\node_modules\@napi-rs\nice-linux-arm64-musl
146 silly reify mark deleted [
146 silly reify   'C:\\Users\\W10\\Desktop\\PROYECTO_METAS_PERU\\metasperu.center\\node_modules\\@napi-rs\\nice-linux-arm64-musl'
146 silly reify ]
147 verbose reify failed optional dependency C:\Users\W10\Desktop\PROYECTO_METAS_PERU\metasperu.center\node_modules\@napi-rs\nice-linux-arm64-gnu
148 silly reify mark deleted [
148 silly reify   'C:\\Users\\W10\\Desktop\\PROYECTO_METAS_PERU\\metasperu.center\\node_modules\\@napi-rs\\nice-linux-arm64-gnu'
148 silly reify ]
149 verbose reify failed optional dependency C:\Users\W10\Desktop\PROYECTO_METAS_PERU\metasperu.center\node_modules\@napi-rs\nice-linux-arm-gnueabihf
150 silly reify mark deleted [
150 silly reify   'C:\\Users\\W10\\Desktop\\PROYECTO_METAS_PERU\\metasperu.center\\node_modules\\@napi-rs\\nice-linux-arm-gnueabihf'
150 silly reify ]
151 verbose reify failed optional dependency C:\Users\W10\Desktop\PROYECTO_METAS_PERU\metasperu.center\node_modules\@napi-rs\nice-freebsd-x64
152 silly reify mark deleted [
152 silly reify   'C:\\Users\\W10\\Desktop\\PROYECTO_METAS_PERU\\metasperu.center\\node_modules\\@napi-rs\\nice-freebsd-x64'
152 silly reify ]
153 verbose reify failed optional dependency C:\Users\W10\Desktop\PROYECTO_METAS_PERU\metasperu.center\node_modules\@napi-rs\nice-darwin-x64
154 silly reify mark deleted [
154 silly reify   'C:\\Users\\W10\\Desktop\\PROYECTO_METAS_PERU\\metasperu.center\\node_modules\\@napi-rs\\nice-darwin-x64'
154 silly reify ]
155 verbose reify failed optional dependency C:\Users\W10\Desktop\PROYECTO_METAS_PERU\metasperu.center\node_modules\@napi-rs\nice-darwin-arm64
156 silly reify mark deleted [
156 silly reify   'C:\\Users\\W10\\Desktop\\PROYECTO_METAS_PERU\\metasperu.center\\node_modules\\@napi-rs\\nice-darwin-arm64'
156 silly reify ]
157 verbose reify failed optional dependency C:\Users\W10\Desktop\PROYECTO_METAS_PERU\metasperu.center\node_modules\@napi-rs\nice-android-arm64
158 silly reify mark deleted [
158 silly reify   'C:\\Users\\W10\\Desktop\\PROYECTO_METAS_PERU\\metasperu.center\\node_modules\\@napi-rs\\nice-android-arm64'
158 silly reify ]
159 verbose reify failed optional dependency C:\Users\W10\Desktop\PROYECTO_METAS_PERU\metasperu.center\node_modules\@napi-rs\nice-android-arm-eabi
160 silly reify mark deleted [
160 silly reify   'C:\\Users\\W10\\Desktop\\PROYECTO_METAS_PERU\\metasperu.center\\node_modules\\@napi-rs\\nice-android-arm-eabi'
160 silly reify ]
161 verbose reify failed optional dependency C:\Users\W10\Desktop\PROYECTO_METAS_PERU\metasperu.center\node_modules\@msgpackr-extract\msgpackr-extract-linux-x64
162 silly reify mark deleted [
162 silly reify   'C:\\Users\\W10\\Desktop\\PROYECTO_METAS_PERU\\metasperu.center\\node_modules\\@msgpackr-extract\\msgpackr-extract-linux-x64'
162 silly reify ]
163 verbose reify failed optional dependency C:\Users\W10\Desktop\PROYECTO_METAS_PERU\metasperu.center\node_modules\@msgpackr-extract\msgpackr-extract-linux-arm64
164 silly reify mark deleted [
164 silly reify   'C:\\Users\\W10\\Desktop\\PROYECTO_METAS_PERU\\metasperu.center\\node_modules\\@msgpackr-extract\\msgpackr-extract-linux-arm64'
164 silly reify ]
165 verbose reify failed optional dependency C:\Users\W10\Desktop\PROYECTO_METAS_PERU\metasperu.center\node_modules\@msgpackr-extract\msgpackr-extract-linux-arm
166 silly reify mark deleted [
166 silly reify   'C:\\Users\\W10\\Desktop\\PROYECTO_METAS_PERU\\metasperu.center\\node_modules\\@msgpackr-extract\\msgpackr-extract-linux-arm'
166 silly reify ]
167 verbose reify failed optional dependency C:\Users\W10\Desktop\PROYECTO_METAS_PERU\metasperu.center\node_modules\@msgpackr-extract\msgpackr-extract-darwin-x64
168 silly reify mark deleted [
168 silly reify   'C:\\Users\\W10\\Desktop\\PROYECTO_METAS_PERU\\metasperu.center\\node_modules\\@msgpackr-extract\\msgpackr-extract-darwin-x64'
168 silly reify ]
169 verbose reify failed optional dependency C:\Users\W10\Desktop\PROYECTO_METAS_PERU\metasperu.center\node_modules\@msgpackr-extract\msgpackr-extract-darwin-arm64
170 silly reify mark deleted [
170 silly reify   'C:\\Users\\W10\\Desktop\\PROYECTO_METAS_PERU\\metasperu.center\\node_modules\\@msgpackr-extract\\msgpackr-extract-darwin-arm64'
170 silly reify ]
171 verbose reify failed optional dependency C:\Users\W10\Desktop\PROYECTO_METAS_PERU\metasperu.center\node_modules\@lmdb\lmdb-win32-arm64
172 silly reify mark deleted [
172 silly reify   'C:\\Users\\W10\\Desktop\\PROYECTO_METAS_PERU\\metasperu.center\\node_modules\\@lmdb\\lmdb-win32-arm64'
172 silly reify ]
173 verbose reify failed optional dependency C:\Users\W10\Desktop\PROYECTO_METAS_PERU\metasperu.center\node_modules\@lmdb\lmdb-linux-x64
174 silly reify mark deleted [
174 silly reify   'C:\\Users\\W10\\Desktop\\PROYECTO_METAS_PERU\\metasperu.center\\node_modules\\@lmdb\\lmdb-linux-x64'
174 silly reify ]
175 verbose reify failed optional dependency C:\Users\W10\Desktop\PROYECTO_METAS_PERU\metasperu.center\node_modules\@lmdb\lmdb-linux-arm64
176 silly reify mark deleted [
176 silly reify   'C:\\Users\\W10\\Desktop\\PROYECTO_METAS_PERU\\metasperu.center\\node_modules\\@lmdb\\lmdb-linux-arm64'
176 silly reify ]
177 verbose reify failed optional dependency C:\Users\W10\Desktop\PROYECTO_METAS_PERU\metasperu.center\node_modules\@lmdb\lmdb-linux-arm
178 silly reify mark deleted [
178 silly reify   'C:\\Users\\W10\\Desktop\\PROYECTO_METAS_PERU\\metasperu.center\\node_modules\\@lmdb\\lmdb-linux-arm'
178 silly reify ]
179 verbose reify failed optional dependency C:\Users\W10\Desktop\PROYECTO_METAS_PERU\metasperu.center\node_modules\@lmdb\lmdb-darwin-x64
180 silly reify mark deleted [
180 silly reify   'C:\\Users\\W10\\Desktop\\PROYECTO_METAS_PERU\\metasperu.center\\node_modules\\@lmdb\\lmdb-darwin-x64'
180 silly reify ]
181 verbose reify failed optional dependency C:\Users\W10\Desktop\PROYECTO_METAS_PERU\metasperu.center\node_modules\@lmdb\lmdb-darwin-arm64
182 silly reify mark deleted [
182 silly reify   'C:\\Users\\W10\\Desktop\\PROYECTO_METAS_PERU\\metasperu.center\\node_modules\\@lmdb\\lmdb-darwin-arm64'
182 silly reify ]
183 verbose reify failed optional dependency C:\Users\W10\Desktop\PROYECTO_METAS_PERU\metasperu.center\node_modules\@esbuild\win32-ia32
184 silly reify mark deleted [
184 silly reify   'C:\\Users\\W10\\Desktop\\PROYECTO_METAS_PERU\\metasperu.center\\node_modules\\@esbuild\\win32-ia32'
184 silly reify ]
185 verbose reify failed optional dependency C:\Users\W10\Desktop\PROYECTO_METAS_PERU\metasperu.center\node_modules\@esbuild\win32-arm64
186 silly reify mark deleted [
186 silly reify   'C:\\Users\\W10\\Desktop\\PROYECTO_METAS_PERU\\metasperu.center\\node_modules\\@esbuild\\win32-arm64'
186 silly reify ]
187 verbose reify failed optional dependency C:\Users\W10\Desktop\PROYECTO_METAS_PERU\metasperu.center\node_modules\@esbuild\sunos-x64
188 silly reify mark deleted [
188 silly reify   'C:\\Users\\W10\\Desktop\\PROYECTO_METAS_PERU\\metasperu.center\\node_modules\\@esbuild\\sunos-x64'
188 silly reify ]
189 verbose reify failed optional dependency C:\Users\W10\Desktop\PROYECTO_METAS_PERU\metasperu.center\node_modules\@esbuild\openharmony-arm64
190 silly reify mark deleted [
190 silly reify   'C:\\Users\\W10\\Desktop\\PROYECTO_METAS_PERU\\metasperu.center\\node_modules\\@esbuild\\openharmony-arm64'
190 silly reify ]
191 verbose reify failed optional dependency C:\Users\W10\Desktop\PROYECTO_METAS_PERU\metasperu.center\node_modules\@esbuild\openbsd-x64
192 silly reify mark deleted [
192 silly reify   'C:\\Users\\W10\\Desktop\\PROYECTO_METAS_PERU\\metasperu.center\\node_modules\\@esbuild\\openbsd-x64'
192 silly reify ]
193 verbose reify failed optional dependency C:\Users\W10\Desktop\PROYECTO_METAS_PERU\metasperu.center\node_modules\@esbuild\openbsd-arm64
194 silly reify mark deleted [
194 silly reify   'C:\\Users\\W10\\Desktop\\PROYECTO_METAS_PERU\\metasperu.center\\node_modules\\@esbuild\\openbsd-arm64'
194 silly reify ]
195 verbose reify failed optional dependency C:\Users\W10\Desktop\PROYECTO_METAS_PERU\metasperu.center\node_modules\@esbuild\netbsd-x64
196 silly reify mark deleted [
196 silly reify   'C:\\Users\\W10\\Desktop\\PROYECTO_METAS_PERU\\metasperu.center\\node_modules\\@esbuild\\netbsd-x64'
196 silly reify ]
197 verbose reify failed optional dependency C:\Users\W10\Desktop\PROYECTO_METAS_PERU\metasperu.center\node_modules\@esbuild\netbsd-arm64
198 silly reify mark deleted [
198 silly reify   'C:\\Users\\W10\\Desktop\\PROYECTO_METAS_PERU\\metasperu.center\\node_modules\\@esbuild\\netbsd-arm64'
198 silly reify ]
199 verbose reify failed optional dependency C:\Users\W10\Desktop\PROYECTO_METAS_PERU\metasperu.center\node_modules\@esbuild\linux-x64
200 silly reify mark deleted [
200 silly reify   'C:\\Users\\W10\\Desktop\\PROYECTO_METAS_PERU\\metasperu.center\\node_modules\\@esbuild\\linux-x64'
200 silly reify ]
201 verbose reify failed optional dependency C:\Users\W10\Desktop\PROYECTO_METAS_PERU\metasperu.center\node_modules\@esbuild\linux-s390x
202 silly reify mark deleted [
202 silly reify   'C:\\Users\\W10\\Desktop\\PROYECTO_METAS_PERU\\metasperu.center\\node_modules\\@esbuild\\linux-s390x'
202 silly reify ]
203 verbose reify failed optional dependency C:\Users\W10\Desktop\PROYECTO_METAS_PERU\metasperu.center\node_modules\@esbuild\linux-riscv64
204 silly reify mark deleted [
204 silly reify   'C:\\Users\\W10\\Desktop\\PROYECTO_METAS_PERU\\metasperu.center\\node_modules\\@esbuild\\linux-riscv64'
204 silly reify ]
205 verbose reify failed optional dependency C:\Users\W10\Desktop\PROYECTO_METAS_PERU\metasperu.center\node_modules\@esbuild\linux-ppc64
206 silly reify mark deleted [
206 silly reify   'C:\\Users\\W10\\Desktop\\PROYECTO_METAS_PERU\\metasperu.center\\node_modules\\@esbuild\\linux-ppc64'
206 silly reify ]
207 verbose reify failed optional dependency C:\Users\W10\Desktop\PROYECTO_METAS_PERU\metasperu.center\node_modules\@esbuild\linux-mips64el
208 silly reify mark deleted [
208 silly reify   'C:\\Users\\W10\\Desktop\\PROYECTO_METAS_PERU\\metasperu.center\\node_modules\\@esbuild\\linux-mips64el'
208 silly reify ]
209 verbose reify failed optional dependency C:\Users\W10\Desktop\PROYECTO_METAS_PERU\metasperu.center\node_modules\@esbuild\linux-loong64
210 silly reify mark deleted [
210 silly reify   'C:\\Users\\W10\\Desktop\\PROYECTO_METAS_PERU\\metasperu.center\\node_modules\\@esbuild\\linux-loong64'
210 silly reify ]
211 verbose reify failed optional dependency C:\Users\W10\Desktop\PROYECTO_METAS_PERU\metasperu.center\node_modules\@esbuild\linux-ia32
212 silly reify mark deleted [
212 silly reify   'C:\\Users\\W10\\Desktop\\PROYECTO_METAS_PERU\\metasperu.center\\node_modules\\@esbuild\\linux-ia32'
212 silly reify ]
213 verbose reify failed optional dependency C:\Users\W10\Desktop\PROYECTO_METAS_PERU\metasperu.center\node_modules\@esbuild\linux-arm64
214 silly reify mark deleted [
214 silly reify   'C:\\Users\\W10\\Desktop\\PROYECTO_METAS_PERU\\metasperu.center\\node_modules\\@esbuild\\linux-arm64'
214 silly reify ]
215 verbose reify failed optional dependency C:\Users\W10\Desktop\PROYECTO_METAS_PERU\metasperu.center\node_modules\@esbuild\linux-arm
216 silly reify mark deleted [
216 silly reify   'C:\\Users\\W10\\Desktop\\PROYECTO_METAS_PERU\\metasperu.center\\node_modules\\@esbuild\\linux-arm'
216 silly reify ]
217 verbose reify failed optional dependency C:\Users\W10\Desktop\PROYECTO_METAS_PERU\metasperu.center\node_modules\@esbuild\freebsd-x64
218 silly reify mark deleted [
218 silly reify   'C:\\Users\\W10\\Desktop\\PROYECTO_METAS_PERU\\metasperu.center\\node_modules\\@esbuild\\freebsd-x64'
218 silly reify ]
219 verbose reify failed optional dependency C:\Users\W10\Desktop\PROYECTO_METAS_PERU\metasperu.center\node_modules\@esbuild\freebsd-arm64
220 silly reify mark deleted [
220 silly reify   'C:\\Users\\W10\\Desktop\\PROYECTO_METAS_PERU\\metasperu.center\\node_modules\\@esbuild\\freebsd-arm64'
220 silly reify ]
221 verbose reify failed optional dependency C:\Users\W10\Desktop\PROYECTO_METAS_PERU\metasperu.center\node_modules\@esbuild\darwin-x64
222 silly reify mark deleted [
222 silly reify   'C:\\Users\\W10\\Desktop\\PROYECTO_METAS_PERU\\metasperu.center\\node_modules\\@esbuild\\darwin-x64'
222 silly reify ]
223 verbose reify failed optional dependency C:\Users\W10\Desktop\PROYECTO_METAS_PERU\metasperu.center\node_modules\@esbuild\darwin-arm64
224 silly reify mark deleted [
224 silly reify   'C:\\Users\\W10\\Desktop\\PROYECTO_METAS_PERU\\metasperu.center\\node_modules\\@esbuild\\darwin-arm64'
224 silly reify ]
225 verbose reify failed optional dependency C:\Users\W10\Desktop\PROYECTO_METAS_PERU\metasperu.center\node_modules\@esbuild\android-x64
226 silly reify mark deleted [
226 silly reify   'C:\\Users\\W10\\Desktop\\PROYECTO_METAS_PERU\\metasperu.center\\node_modules\\@esbuild\\android-x64'
226 silly reify ]
227 verbose reify failed optional dependency C:\Users\W10\Desktop\PROYECTO_METAS_PERU\metasperu.center\node_modules\@esbuild\android-arm64
228 silly reify mark deleted [
228 silly reify   'C:\\Users\\W10\\Desktop\\PROYECTO_METAS_PERU\\metasperu.center\\node_modules\\@esbuild\\android-arm64'
228 silly reify ]
229 verbose reify failed optional dependency C:\Users\W10\Desktop\PROYECTO_METAS_PERU\metasperu.center\node_modules\@esbuild\android-arm
230 silly reify mark deleted [
230 silly reify   'C:\\Users\\W10\\Desktop\\PROYECTO_METAS_PERU\\metasperu.center\\node_modules\\@esbuild\\android-arm'
230 silly reify ]
231 verbose reify failed optional dependency C:\Users\W10\Desktop\PROYECTO_METAS_PERU\metasperu.center\node_modules\@esbuild\aix-ppc64
232 silly reify mark deleted [
232 silly reify   'C:\\Users\\W10\\Desktop\\PROYECTO_METAS_PERU\\metasperu.center\\node_modules\\@esbuild\\aix-ppc64'
232 silly reify ]
233 verbose reify failed optional dependency C:\Users\W10\Desktop\PROYECTO_METAS_PERU\metasperu.center\node_modules\@stencil\core\node_modules\@rollup\rollup-win32-arm64-msvc
234 silly reify mark deleted [
234 silly reify   'C:\\Users\\W10\\Desktop\\PROYECTO_METAS_PERU\\metasperu.center\\node_modules\\@stencil\\core\\node_modules\\@rollup\\rollup-win32-arm64-msvc'
234 silly reify ]
235 verbose reify failed optional dependency C:\Users\W10\Desktop\PROYECTO_METAS_PERU\metasperu.center\node_modules\@stencil\core\node_modules\@rollup\rollup-linux-x64-musl
236 silly reify mark deleted [
236 silly reify   'C:\\Users\\W10\\Desktop\\PROYECTO_METAS_PERU\\metasperu.center\\node_modules\\@stencil\\core\\node_modules\\@rollup\\rollup-linux-x64-musl'
236 silly reify ]
237 verbose reify failed optional dependency C:\Users\W10\Desktop\PROYECTO_METAS_PERU\metasperu.center\node_modules\@stencil\core\node_modules\@rollup\rollup-linux-x64-gnu
238 silly reify mark deleted [
238 silly reify   'C:\\Users\\W10\\Desktop\\PROYECTO_METAS_PERU\\metasperu.center\\node_modules\\@stencil\\core\\node_modules\\@rollup\\rollup-linux-x64-gnu'
238 silly reify ]
239 verbose reify failed optional dependency C:\Users\W10\Desktop\PROYECTO_METAS_PERU\metasperu.center\node_modules\@stencil\core\node_modules\@rollup\rollup-linux-arm64-musl
240 silly reify mark deleted [
240 silly reify   'C:\\Users\\W10\\Desktop\\PROYECTO_METAS_PERU\\metasperu.center\\node_modules\\@stencil\\core\\node_modules\\@rollup\\rollup-linux-arm64-musl'
240 silly reify ]
241 verbose reify failed optional dependency C:\Users\W10\Desktop\PROYECTO_METAS_PERU\metasperu.center\node_modules\@stencil\core\node_modules\@rollup\rollup-linux-arm64-gnu
242 silly reify mark deleted [
242 silly reify   'C:\\Users\\W10\\Desktop\\PROYECTO_METAS_PERU\\metasperu.center\\node_modules\\@stencil\\core\\node_modules\\@rollup\\rollup-linux-arm64-gnu'
242 silly reify ]
243 verbose reify failed optional dependency C:\Users\W10\Desktop\PROYECTO_METAS_PERU\metasperu.center\node_modules\@stencil\core\node_modules\@rollup\rollup-darwin-x64
244 silly reify mark deleted [
244 silly reify   'C:\\Users\\W10\\Desktop\\PROYECTO_METAS_PERU\\metasperu.center\\node_modules\\@stencil\\core\\node_modules\\@rollup\\rollup-darwin-x64'
244 silly reify ]
245 verbose reify failed optional dependency C:\Users\W10\Desktop\PROYECTO_METAS_PERU\metasperu.center\node_modules\@stencil\core\node_modules\@rollup\rollup-darwin-arm64
246 silly reify mark deleted [
246 silly reify   'C:\\Users\\W10\\Desktop\\PROYECTO_METAS_PERU\\metasperu.center\\node_modules\\@stencil\\core\\node_modules\\@rollup\\rollup-darwin-arm64'
246 silly reify ]
247 http cache mitt@https://registry.npmjs.org/mitt/-/mitt-3.0.1.tgz 0ms (cache hit)
248 http cache rrweb-snapshot@https://registry.npmjs.org/rrweb-snapshot/-/rrweb-snapshot-2.1.1.tgz 0ms (cache hit)
249 http cache rrdom@https://registry.npmjs.org/rrdom/-/rrdom-2.1.1.tgz 0ms (cache hit)
250 http cache base64-arraybuffer@https://registry.npmjs.org/base64-arraybuffer/-/base64-arraybuffer-1.0.2.tgz 0ms (cache hit)
251 http cache @xstate/fsm@https://registry.npmjs.org/@xstate/fsm/-/fsm-1.6.5.tgz 0ms (cache hit)
252 http cache @types/css-font-loading-module@https://registry.npmjs.org/@types/css-font-loading-module/-/css-font-loading-module-0.0.7.tgz 0ms (cache hit)
253 http cache @rrweb/utils@https://registry.npmjs.org/@rrweb/utils/-/utils-2.1.1.tgz 0ms (cache hit)
254 http cache @rrweb/types@https://registry.npmjs.org/@rrweb/types/-/types-2.1.1.tgz 0ms (cache hit)
255 http cache rrweb@https://registry.npmjs.org/rrweb/-/rrweb-2.1.1.tgz 0ms (cache hit)
256 silly tarball no local data for mitt@https://registry.npmjs.org/mitt/-/mitt-3.0.1.tgz. Extracting by manifest.
257 silly tarball no local data for rrweb-snapshot@https://registry.npmjs.org/rrweb-snapshot/-/rrweb-snapshot-2.1.1.tgz. Extracting by manifest.
258 silly tarball no local data for rrdom@https://registry.npmjs.org/rrdom/-/rrdom-2.1.1.tgz. Extracting by manifest.
259 http cache @angular/material-moment-adapter@https://registry.npmjs.org/@angular/material-moment-adapter/-/material-moment-adapter-21.2.3.tgz 0ms (cache hit)
260 silly tarball no local data for base64-arraybuffer@https://registry.npmjs.org/base64-arraybuffer/-/base64-arraybuffer-1.0.2.tgz. Extracting by manifest.
261 silly tarball no local data for @xstate/fsm@https://registry.npmjs.org/@xstate/fsm/-/fsm-1.6.5.tgz. Extracting by manifest.
262 silly tarball no local data for @types/css-font-loading-module@https://registry.npmjs.org/@types/css-font-loading-module/-/css-font-loading-module-0.0.7.tgz. Extracting by manifest.
263 silly tarball no local data for @rrweb/utils@https://registry.npmjs.org/@rrweb/utils/-/utils-2.1.1.tgz. Extracting by manifest.
264 silly tarball no local data for @rrweb/types@https://registry.npmjs.org/@rrweb/types/-/types-2.1.1.tgz. Extracting by manifest.
265 silly tarball no local data for rrweb@https://registry.npmjs.org/rrweb/-/rrweb-2.1.1.tgz. Extracting by manifest.
266 silly tarball no local data for @angular/material-moment-adapter@https://registry.npmjs.org/@angular/material-moment-adapter/-/material-moment-adapter-21.2.3.tgz. Extracting by manifest.
267 http fetch GET 200 https://registry.npmjs.org/mitt/-/mitt-3.0.1.tgz 183ms (cache miss)
268 http fetch GET 200 https://registry.npmjs.org/base64-arraybuffer/-/base64-arraybuffer-1.0.2.tgz 185ms (cache miss)
269 http fetch GET 200 https://registry.npmjs.org/@types/css-font-loading-module/-/css-font-loading-module-0.0.7.tgz 343ms (cache miss)
270 http fetch GET 200 https://registry.npmjs.org/@xstate/fsm/-/fsm-1.6.5.tgz 422ms (cache miss)
271 http fetch POST 200 https://registry.npmjs.org/-/npm/v1/security/advisories/bulk 587ms
272 silly audit report {
272 silly audit report   '@angular/common': [
272 silly audit report     {
272 silly audit report       id: 1123498,
272 silly audit report       url: 'https://github.com/advisories/GHSA-48r7-hpm6-gfxm',
272 silly audit report       title: '@angular/common: Denial of Service (DoS) via OOM in Date Formatting (formatDate)',
272 silly audit report       severity: 'high',
272 silly audit report       vulnerable_versions: '>=20.0.0-next.0 <20.3.25',
272 silly audit report       cwe: [Array],
272 silly audit report       cvss: [Object]
272 silly audit report     },
272 silly audit report     {
272 silly audit report       id: 1123502,
272 silly audit report       url: 'https://github.com/advisories/GHSA-39pv-4j6c-2g6v',
272 silly audit report       title: '@angular/common: Weak 32-Bit Cache Key Hashing in `HttpTransferCache` Leading to Cross-Request Data Leakage and State Poisoning',
272 silly audit report       severity: 'high',
272 silly audit report       vulnerable_versions: '>=20.0.0-next.0 <20.3.25',
272 silly audit report       cwe: [Array],
272 silly audit report       cvss: [Object]
272 silly audit report     },
272 silly audit report     {
272 silly audit report       id: 1123538,
272 silly audit report       url: 'https://github.com/advisories/GHSA-p3vc-36g9-x9gr',
272 silly audit report       title: '@angular/common: Denial of Service (DoS) via OOM in Number Formatting (digitsInfo)',
272 silly audit report       severity: 'high',
272 silly audit report       vulnerable_versions: '>=20.0.0-next.0 <20.3.22',
272 silly audit report       cwe: [Array],
272 silly audit report       cvss: [Object]
272 silly audit report     },
272 silly audit report     {
272 silly audit report       id: 1123543,
272 silly audit report       url: 'https://github.com/advisories/GHSA-q6f4-qqrg-jv6x',
272 silly audit report       title: '@angular/common: Information Leak via Default Caching of Credentialed Requests in HttpTransferCache',
272 silly audit report       severity: 'high',
272 silly audit report       vulnerable_versions: '>=20.0.0-next.0 <20.3.22',
272 silly audit report       cwe: [Array],
272 silly audit report       cvss: [Object]
272 silly audit report     }
272 silly audit report   ],
272 silly audit report   '@angular/compiler': [
272 silly audit report     {
272 silly audit report       id: 1117736,
272 silly audit report       url: 'https://github.com/advisories/GHSA-g93w-mfhg-p222',
272 silly audit report       title: 'Angular vulnerable to XSS in i18n attribute bindings',
272 silly audit report       severity: 'high',
272 silly audit report       vulnerable_versions: '>=20.0.0-next.0.0.0 <20.3.18',
272 silly audit report       cwe: [Array],
272 silly audit report       cvss: [Object]
272 silly audit report     },
272 silly audit report     {
272 silly audit report       id: 1123506,
272 silly audit report       url: 'https://github.com/advisories/GHSA-58w9-8g37-x9v5',
272 silly audit report       title: '@angular/compiler: Two-Way Property Binding Sanitization Bypass (XSS)',
272 silly audit report       severity: 'moderate',
272 silly audit report       vulnerable_versions: '>=20.0.0-next.0 <20.3.25',
272 silly audit report       cwe: [Array],
272 silly audit report       cvss: [Object]
272 silly audit report     },
272 silly audit report     {
272 silly audit report       id: 1123511,
272 silly audit report       url: 'https://github.com/advisories/GHSA-f3m7-gqxr-g87x',
272 silly audit report       title: 'Angular: Template and Attribute Namespace Sanitization Bypass (XSS)',
272 silly audit report       severity: 'moderate',
272 silly audit report       vulnerable_versions: '>=20.0.0-next.0 <20.3.22',
272 silly audit report       cwe: [Array],
272 silly audit report       cvss: [Object]
272 silly audit report     }
272 silly audit report   ],
272 silly audit report   '@angular/core': [
272 silly audit report     {
272 silly audit report       id: 1113589,
272 silly audit report       url: 'https://github.com/advisories/GHSA-prjf-86w9-mfqv',
272 silly audit report       title: 'Angular i18n vulnerable to Cross-Site Scripting',
272 silly audit report       severity: 'high',
272 silly audit report       vulnerable_versions: '>=20.0.0-next.0 <=20.3.16',
272 silly audit report       cwe: [Array],
272 silly audit report       cvss: [Object]
272 silly audit report     },
272 silly audit report     {
272 silly audit report       id: 1117739,
272 silly audit report       url: 'https://github.com/advisories/GHSA-g93w-mfhg-p222',
272 silly audit report       title: 'Angular vulnerable to XSS in i18n attribute bindings',
272 silly audit report       severity: 'high',
272 silly audit report       vulnerable_versions: '>=20.0.0-next.0.0.0 <20.3.18',
272 silly audit report       cwe: [Array],
272 silly audit report       cvss: [Object]
272 silly audit report     },
272 silly audit report     {
272 silly audit report       id: 1123516,
272 silly audit report       url: 'https://github.com/advisories/GHSA-f3m7-gqxr-g87x',
272 silly audit report       title: 'Angular: Template and Attribute Namespace Sanitization Bypass (XSS)',
272 silly audit report       severity: 'moderate',
272 silly audit report       vulnerable_versions: '>=20.0.0-next.0 <20.3.22',
272 silly audit report       cwe: [Array],
272 silly audit report       cvss: [Object]
272 silly audit report     },
272 silly audit report     {
272 silly audit report       id: 1123545,
272 silly audit report       url: 'https://github.com/advisories/GHSA-692r-grfm-v8x7',
272 silly audit report       title: '@angular/core: Angular Template and Dynamic Component Namespace Bypass leading to Cross-Site Scripting (XSS)',
272 silly audit report       severity: 'moderate',
272 silly audit report       vulnerable_versions: '>=20.0.0-next.0 <20.3.22',
272 silly audit report       cwe: [Array],
272 silly audit report       cvss: [Object]
272 silly audit report     },
272 silly audit report     {
272 silly audit report       id: 1123561,
272 silly audit report       url: 'https://github.com/advisories/GHSA-rgjc-h3x7-9mwg',
272 silly audit report       title: 'Angular Client Hydration DOM Clobbering & Response-Cache Poisoning',
272 silly audit report       severity: 'high',
272 silly audit report       vulnerable_versions: '>=20.0.0-next.0 <20.3.25',
272 silly audit report       cwe: [Array],
272 silly audit report       cvss: [Object]
272 silly audit report     }
272 silly audit report   ],
272 silly audit report   '@angular/service-worker': [
272 silly audit report     {
272 silly audit report       id: 1123494,
272 silly audit report       url: 'https://github.com/advisories/GHSA-qxh6-94w6-9r5p',
272 silly audit report       title: '@angular/service-worker: Sensitive Header Leakage on Cross-Origin Redirects in Angular Service Worker',
272 silly audit report       severity: 'high',
272 silly audit report       vulnerable_versions: '>=20.0.0-next.0 <20.3.25',
272 silly audit report       cwe: [Array],
272 silly audit report       cvss: [Object]
272 silly audit report     },
272 silly audit report     {
272 silly audit report       id: 1123532,
272 silly audit report       url: 'https://github.com/advisories/GHSA-95qp-cmmw-mgqv',
272 silly audit report       title: '@angular/service-worker: Request Credential & Cache Policy Stripping',
272 silly audit report       severity: 'moderate',
272 silly audit report       vulnerable_versions: '>=20.0.0-next.0 <20.3.22',
272 silly audit report       cwe: [Array],
272 silly audit report       cvss: [Object]
272 silly audit report     },
272 silly audit report     {
272 silly audit report       id: 1123553,
272 silly audit report       url: 'https://github.com/advisories/GHSA-gv2q-mqqv-365m',
272 silly audit report       title: 'Angular Service Worker Policy-Bypass & Credential-Stripping Vulnerabilities',
272 silly audit report       severity: 'moderate',
272 silly audit report       vulnerable_versions: '>=20.0.0-next.0 <20.3.22',
272 silly audit report       cwe: [Array],
272 silly audit report       cvss: [Object]
272 silly audit report     }
272 silly audit report   ],
272 silly audit report   '@babel/core': [
272 silly audit report     {
272 silly audit report       id: 1123528,
272 silly audit report       url: 'https://github.com/advisories/GHSA-4x5r-pxfx-6jf8',
272 silly audit report       title: '@babel/core: Arbitrary File Read via sourceMappingURL Comment',
272 silly audit report       severity: 'low',
272 silly audit report       vulnerable_versions: '<=7.29.0',
272 silly audit report       cwe: [Array],
272 silly audit report       cvss: [Object]
272 silly audit report     }
272 silly audit report   ],
272 silly audit report   '@hono/node-server': [
272 silly audit report     {
272 silly audit report       id: 1114170,
272 silly audit report       url: 'https://github.com/advisories/GHSA-wc8c-qw6v-h7f6',
272 silly audit report       title: '@hono/node-server has authorization bypass for protected static paths via encoded slashes in Serve Static Middleware',
272 silly audit report       severity: 'high',
272 silly audit report       vulnerable_versions: '<1.19.10',
272 silly audit report       cwe: [Array],
272 silly audit report       cvss: [Object]
272 silly audit report     },
272 silly audit report     {
272 silly audit report       id: 1116281,
272 silly audit report       url: 'https://github.com/advisories/GHSA-92pp-h63x-v22m',
272 silly audit report       title: '@hono/node-server: Middleware bypass via repeated slashes in serveStatic',
272 silly audit report       severity: 'moderate',
272 silly audit report       vulnerable_versions: '<1.19.13',
272 silly audit report       cwe: [Array],
272 silly audit report       cvss: [Object]
272 silly audit report     },
272 silly audit report     {
272 silly audit report       id: 1124006,
272 silly audit report       url: 'https://github.com/advisories/GHSA-frvp-7c67-39w9',
272 silly audit report       title: 'Node.js Adapter for Hono: Path traversal in `serve-static` on Windows via encoded backslash (`%5C`)',
272 silly audit report       severity: 'moderate',
272 silly audit report       vulnerable_versions: '<2.0.5',
272 silly audit report       cwe: [Array],
272 silly audit report       cvss: [Object]
272 silly audit report     }
272 silly audit report   ],
272 silly audit report   '@modelcontextprotocol/sdk': [
272 silly audit report     {
272 silly audit report       id: 1113080,
272 silly audit report       url: 'https://github.com/advisories/GHSA-345p-7cg4-v4c7',
272 silly audit report       title: '@modelcontextprotocol/sdk has cross-client data leak via shared server/transport instance reuse',
272 silly audit report       severity: 'high',
272 silly audit report       vulnerable_versions: '>=1.10.0 <=1.25.3',
272 silly audit report       cwe: [Array],
272 silly audit report       cvss: [Object]
272 silly audit report     }
272 silly audit report   ],
272 silly audit report   minimatch: [
272 silly audit report     {
272 silly audit report       id: 1113459,
272 silly audit report       url: 'https://github.com/advisories/GHSA-3ppc-4f35-3m26',
272 silly audit report       title: 'minimatch has a ReDoS via repeated wildcards with non-matching literal in pattern',
272 silly audit report       severity: 'high',
272 silly audit report       vulnerable_versions: '<3.1.3',
272 silly audit report       cwe: [Array],
272 silly audit report       cvss: [Object]
272 silly audit report     },
272 silly audit report     {
272 silly audit report       id: 1113466,
272 silly audit report       url: 'https://github.com/advisories/GHSA-3ppc-4f35-3m26',
272 silly audit report       title: 'minimatch has a ReDoS via repeated wildcards with non-matching literal in pattern',
272 silly audit report       severity: 'high',
272 silly audit report       vulnerable_versions: '>=10.0.0 <10.2.1',
272 silly audit report       cwe: [Array],
272 silly audit report       cvss: [Object]
272 silly audit report     },
272 silly audit report     {
272 silly audit report       id: 1113538,
272 silly audit report       url: 'https://github.com/advisories/GHSA-7r86-cg39-jmmj',
272 silly audit report       title: 'minimatch has ReDoS: matchOne() combinatorial backtracking via multiple non-adjacent GLOBSTAR segments',
272 silly audit report       severity: 'high',
272 silly audit report       vulnerable_versions: '<3.1.3',
272 silly audit report       cwe: [Array],
272 silly audit report       cvss: [Object]
272 silly audit report     },
272 silly audit report     {
272 silly audit report       id: 1113545,
272 silly audit report       url: 'https://github.com/advisories/GHSA-7r86-cg39-jmmj',
272 silly audit report       title: 'minimatch has ReDoS: matchOne() combinatorial backtracking via multiple non-adjacent GLOBSTAR segments',
272 silly audit report       severity: 'high',
272 silly audit report       vulnerable_versions: '>=10.0.0 <10.2.3',
272 silly audit report       cwe: [Array],
272 silly audit report       cvss: [Object]
272 silly audit report     },
272 silly audit report     {
272 silly audit report       id: 1113546,
272 silly audit report       url: 'https://github.com/advisories/GHSA-23c5-xmqv-rm74',
272 silly audit report       title: 'minimatch ReDoS: nested *() extglobs generate catastrophically backtracking regular expressions',
272 silly audit report       severity: 'high',
272 silly audit report       vulnerable_versions: '<3.1.4',
272 silly audit report       cwe: [Array],
272 silly audit report       cvss: [Object]
272 silly audit report     },
272 silly audit report     {
272 silly audit report       id: 1113553,
272 silly audit report       url: 'https://github.com/advisories/GHSA-23c5-xmqv-rm74',
272 silly audit report       title: 'minimatch ReDoS: nested *() extglobs generate catastrophically backtracking regular expressions',
272 silly audit report       severity: 'high',
272 silly audit report       vulnerable_versions: '>=10.0.0 <10.2.3',
272 silly audit report       cwe: [Array],
272 silly audit report       cvss: [Object]
272 silly audit report     }
272 silly audit report   ],
272 silly audit report   '@sigstore/core': [
272 silly audit report     {
272 silly audit report       id: 1121792,
272 silly audit report       url: 'https://github.com/advisories/GHSA-jfc7-64v2-mr8c',
272 silly audit report       title: '@sigstore/core has DSSE payloadType type-binding failure',
272 silly audit report       severity: 'moderate',
272 silly audit report       vulnerable_versions: '<=3.2.0',
272 silly audit report       cwe: [Array],
272 silly audit report       cvss: [Object]
272 silly audit report     }
272 silly audit report   ],
272 silly audit report   '@sigstore/verify': [
272 silly audit report     {
272 silly audit report       id: 1122164,
272 silly audit report       url: 'https://github.com/advisories/GHSA-xgjw-pm74-86q4',
272 silly audit report       title: 'sigstore-js has Insufficient Verification of Data Authenticity',
272 silly audit report       severity: 'moderate',
272 silly audit report       vulnerable_versions: '=3.1.0',
272 silly audit report       cwe: [Array],
272 silly audit report       cvss: [Object]
272 silly audit report     }
272 silly audit report   ],
272 silly audit report   ajv: [
272 silly audit report     {
272 silly audit report       id: 1113715,
272 silly audit report       url: 'https://github.com/advisories/GHSA-2g4f-4pwh-qvx6',
272 silly audit report       title: 'ajv has ReDoS when using `$data` option',
272 silly audit report       severity: 'moderate',
272 silly audit report       vulnerable_versions: '>=7.0.0-alpha.0 <8.18.0',
272 silly audit report       cwe: [Array],
272 silly audit report       cvss: [Object]
272 silly audit report     }
272 silly audit report   ],
272 silly audit report   picomatch: [
272 silly audit report     {
272 silly audit report       id: 1115549,
272 silly audit report       url: 'https://github.com/advisories/GHSA-3v7f-55p6-f55p',
272 silly audit report       title: 'Picomatch: Method Injection in POSIX Character Classes causes incorrect Glob Matching',
272 silly audit report       severity: 'moderate',
272 silly audit report       vulnerable_versions: '<2.3.2',
272 silly audit report       cwe: [Array],
272 silly audit report       cvss: [Object]
272 silly audit report     },
272 silly audit report     {
272 silly audit report       id: 1115551,
272 silly audit report       url: 'https://github.com/advisories/GHSA-3v7f-55p6-f55p',
272 silly audit report       title: 'Picomatch: Method Injection in POSIX Character Classes causes incorrect Glob Matching',
272 silly audit report       severity: 'moderate',
272 silly audit report       vulnerable_versions: '>=4.0.0 <4.0.4',
272 silly audit report       cwe: [Array],
272 silly audit report       cvss: [Object]
272 silly audit report     },
272 silly audit report     {
272 silly audit report       id: 1115552,
272 silly audit report       url: 'https://github.com/advisories/GHSA-c2c7-rcm5-vvqj',
272 silly audit report       title: 'Picomatch has a ReDoS vulnerability via extglob quantifiers',
272 silly audit report       severity: 'high',
272 silly audit report       vulnerable_versions: '<2.3.2',
272 silly audit report       cwe: [Array],
272 silly audit report       cvss: [Object]
272 silly audit report     },
272 silly audit report     {
272 silly audit report       id: 1115554,
272 silly audit report       url: 'https://github.com/advisories/GHSA-c2c7-rcm5-vvqj',
272 silly audit report       title: 'Picomatch has a ReDoS vulnerability via extglob quantifiers',
272 silly audit report       severity: 'high',
272 silly audit report       vulnerable_versions: '>=4.0.0 <4.0.4',
272 silly audit report       cwe: [Array],
272 silly audit report       cvss: [Object]
272 silly audit report     }
272 silly audit report   ],
272 silly audit report   'body-parser': [
272 silly audit report     {
272 silly audit report       id: 1123976,
272 silly audit report       url: 'https://github.com/advisories/GHSA-v422-hmwv-36x6',
272 silly audit report       title: 'body-parser vulnerable to denial of service when invalid limit value silently disables size enforcement',
272 silly audit report       severity: 'low',
272 silly audit report       vulnerable_versions: '>=2.0.0 <2.3.0',
272 silly audit report       cwe: [Array],
272 silly audit report       cvss: [Object]
272 silly audit report     },
272 silly audit report     {
272 silly audit report       id: 1123977,
272 silly audit report       url: 'https://github.com/advisories/GHSA-v422-hmwv-36x6',
272 silly audit report       title: 'body-parser vulnerable to denial of service when invalid limit value silently disables size enforcement',
272 silly audit report       severity: 'low',
272 silly audit report       vulnerable_versions: '<1.20.6',
272 silly audit report       cwe: [Array],
272 silly audit report       cvss: [Object]
272 silly audit report     }
272 silly audit report   ],
272 silly audit report   'brace-expansion': [
272 silly audit report     {
272 silly audit report       id: 1115540,
272 silly audit report       url: 'https://github.com/advisories/GHSA-f886-m6hf-6m8v',
272 silly audit report       title: 'brace-expansion: Zero-step sequence causes process hang and memory exhaustion',
272 silly audit report       severity: 'moderate',
272 silly audit report       vulnerable_versions: '<1.1.13',
272 silly audit report       cwe: [Array],
272 silly audit report       cvss: [Object]
272 silly audit report     },
272 silly audit report     {
272 silly audit report       id: 1123897,
272 silly audit report       url: 'https://github.com/advisories/GHSA-3jxr-9vmj-r5cp',
272 silly audit report       title: 'brace-expansion: DoS via exponential-time expansion of consecutive non-expanding {} groups',
272 silly audit report       severity: 'high',
272 silly audit report       vulnerable_versions: '<1.1.16',
272 silly audit report       cwe: [Array],
272 silly audit report       cvss: [Object]
272 silly audit report     }
272 silly audit report   ],
272 silly audit report   'engine.io': [
272 silly audit report     {
272 silly audit report       id: 1123943,
272 silly audit report       url: 'https://github.com/advisories/GHSA-r635-g3xr-vw7x',
272 silly audit report       title: 'Socket.IO: Engine.IO Polling Transport Connection Exhaustion',
272 silly audit report       severity: 'high',
272 silly audit report       vulnerable_versions: '>=4.1.0 <6.6.7',
272 silly audit report       cwe: [Array],
272 silly audit report       cvss: [Object]
272 silly audit report     }
272 silly audit report   ],
272 silly audit report   'fast-uri': [
272 silly audit report     {
272 silly audit report       id: 1117884,
272 silly audit report       url: 'https://github.com/advisories/GHSA-v39h-62p7-jpjc',
272 silly audit report       title: 'fast-uri vulnerable to host confusion via percent-encoded authority delimiters',
272 silly audit report       severity: 'high',
272 silly audit report       vulnerable_versions: '<=3.1.1',
272 silly audit report       cwe: [Array],
272 silly audit report       cvss: [Object]
272 silly audit report     },
272 silly audit report     {
272 silly audit report       id: 1117870,
272 silly audit report       url: 'https://github.com/advisories/GHSA-q3j6-qgpj-74h6',
272 silly audit report       title: 'fast-uri vulnerable to path traversal via percent-encoded dot segments',
272 silly audit report       severity: 'high',
272 silly audit report       vulnerable_versions: '<=3.1.0',
272 silly audit report       cwe: [Array],
272 silly audit report       cvss: [Object]
272 silly audit report     },
272 silly audit report     {
272 silly audit report       id: 1124064,
272 silly audit report       url: 'https://github.com/advisories/GHSA-v2hh-gcrm-f6hx',
272 silly audit report       title: 'fast-uri vulnerable to host confusion via literal backslash authority delimiter',
272 silly audit report       severity: 'high',
272 silly audit report       vulnerable_versions: '>=3.0.0 <=3.1.3',
272 silly audit report       cwe: [Array],
272 silly audit report       cvss: [Object]
272 silly audit report     },
272 silly audit report     {
272 silly audit report       id: 1124231,
272 silly audit report       url: 'https://github.com/advisories/GHSA-4c8g-83qw-93j6',
272 silly audit report       title: 'fast-uri vulnerable to host confusion via failed IDN canonicalization',
272 silly audit report       severity: 'high',
272 silly audit report       vulnerable_versions: '>=3.0.0 <3.1.3',
272 silly audit report       cwe: [Array],
272 silly audit report       cvss: [Object]
272 silly audit report     }
272 silly audit report   ],
272 silly audit report   flatted: [
272 silly audit report     {
272 silly audit report       id: 1114526,
272 silly audit report       url: 'https://github.com/advisories/GHSA-25h7-pfq9-p65f',
272 silly audit report       title: 'flatted vulnerable to unbounded recursion DoS in parse() revive phase',
272 silly audit report       severity: 'high',
272 silly audit report       vulnerable_versions: '<3.4.0',
272 silly audit report       cwe: [Array],
272 silly audit report       cvss: [Object]
272 silly audit report     },
272 silly audit report     {
272 silly audit report       id: 1115357,
272 silly audit report       url: 'https://github.com/advisories/GHSA-rf6f-7fwh-wjgh',
272 silly audit report       title: 'Prototype Pollution via parse() in NodeJS flatted',
272 silly audit report       severity: 'high',
272 silly audit report       vulnerable_versions: '<=3.4.1',
272 silly audit report       cwe: [Array],
272 silly audit report       cvss: [Object]
272 silly audit report     }
272 silly audit report   ],
272 silly audit report   'follow-redirects': [
272 silly audit report     {
272 silly audit report       id: 1116560,
272 silly audit report       url: 'https://github.com/advisories/GHSA-r4q5-vmmm-2653',
272 silly audit report       title: 'follow-redirects leaks Custom Authentication Headers to Cross-Domain Redirect Targets',
272 silly audit report       severity: 'moderate',
272 silly audit report       vulnerable_versions: '<=1.15.11',
272 silly audit report       cwe: [Array],
272 silly audit report       cvss: [Object]
272 silly audit report     }
272 silly audit report   ],
272 silly audit report   immutable: [
272 silly audit report     {
272 silly audit report       id: 1117068,
272 silly audit report       url: 'https://github.com/advisories/GHSA-wf6x-7x77-mvgw',
272 silly audit report       title: 'Immutable is vulnerable to Prototype Pollution',
272 silly audit report       severity: 'high',
272 silly audit report       vulnerable_versions: '>=5.0.0 <5.1.5',
272 silly audit report       cwe: [Array],
272 silly audit report       cvss: [Object]
272 silly audit report     },
272 silly audit report     {
272 silly audit report       id: 1124007,
272 silly audit report       url: 'https://github.com/advisories/GHSA-v56q-mh7h-f735',
272 silly audit report       title: 'Immutable.js `List` 32-bit trie overflow → unrecoverable DoS',
272 silly audit report       severity: 'high',
272 silly audit report       vulnerable_versions: '>=5.0.0-beta.1 <5.1.8',
272 silly audit report       cwe: [Array],
272 silly audit report       cvss: [Object]
272 silly audit report     },
272 silly audit report     {
272 silly audit report       id: 1124017,
272 silly audit report       url: 'https://github.com/advisories/GHSA-xvcm-6775-5m9r',
272 silly audit report       title: 'Immutabl: Hash-collision algorithmic complexity denial of service in Immutable.Map/Set',
272 silly audit report       severity: 'high',
272 silly audit report       vulnerable_versions: '>=5.0.0-beta.1 <5.1.8',
272 silly audit report       cwe: [Array],
272 silly audit report       cvss: [Object]
272 silly audit report     }
272 silly audit report   ],
272 silly audit report   'ip-address': [
272 silly audit report     {
272 silly audit report       id: 1118827,
272 silly audit report       url: 'https://github.com/advisories/GHSA-v2v4-37r5-5v8g',
272 silly audit report       title: 'ip-address has XSS in Address6 HTML-emitting methods',
272 silly audit report       severity: 'moderate',
272 silly audit report       vulnerable_versions: '<=10.1.0',
272 silly audit report       cwe: [Array],
272 silly audit report       cvss: [Object]
272 silly audit report     }
272 silly audit report   ],
272 silly audit report   lodash: [
272 silly audit report     {
272 silly audit report       id: 1115806,
272 silly audit report       url: 'https://github.com/advisories/GHSA-r5fr-rjxr-66jc',
272 silly audit report       title: 'lodash vulnerable to Code Injection via `_.template` imports key names',
272 silly audit report       severity: 'high',
272 silly audit report       vulnerable_versions: '>=4.0.0 <=4.17.23',
272 silly audit report       cwe: [Array],
272 silly audit report       cvss: [Object]
272 silly audit report     },
272 silly audit report     {
272 silly audit report       id: 1115810,
272 silly audit report       url: 'https://github.com/advisories/GHSA-f23m-r3pf-42rh',
272 silly audit report       title: 'lodash vulnerable to Prototype Pollution via array path bypass in `_.unset` and `_.omit`',
272 silly audit report       severity: 'moderate',
272 silly audit report       vulnerable_versions: '<=4.17.23',
272 silly audit report       cwe: [Array],
272 silly audit report       cvss: [Object]
272 silly audit report     }
272 silly audit report   ],
272 silly audit report   'path-to-regexp': [
272 silly audit report     {
272 silly audit report       id: 1115573,
272 silly audit report       url: 'https://github.com/advisories/GHSA-j3q9-mxjg-w52f',
272 silly audit report       title: 'path-to-regexp vulnerable to Denial of Service via sequential optional groups',
272 silly audit report       severity: 'high',
272 silly audit report       vulnerable_versions: '>=8.0.0 <8.4.0',
272 silly audit report       cwe: [Array],
272 silly audit report       cvss: [Object]
272 silly audit report     },
272 silly audit report     {
272 silly audit report       id: 1115582,
272 silly audit report       url: 'https://github.com/advisories/GHSA-27v5-c462-wpq7',
272 silly audit report       title: 'path-to-regexp vulnerable to Regular Expression Denial of Service via multiple wildcards',
272 silly audit report       severity: 'moderate',
272 silly audit report       vulnerable_versions: '>=8.0.0 <8.4.0',
272 silly audit report       cwe: [Array],
272 silly audit report       cvss: [Object]
272 silly audit report     }
272 silly audit report   ],
272 silly audit report   piscina: [
272 silly audit report     {
272 silly audit report       id: 1121168,
272 silly audit report       url: 'https://github.com/advisories/GHSA-x9g3-xrwr-cwfg',
272 silly audit report       title: 'piscina: Prototype Pollution Gadget → RCE via inherited options.filename',
272 silly audit report       severity: 'high',
272 silly audit report       vulnerable_versions: '>=5.0.0-alpha.0 <=5.1.4',
272 silly audit report       cwe: [Array],
272 silly audit report       cvss: [Object]
272 silly audit report     }
272 silly audit report   ],
272 silly audit report   postcss: [
272 silly audit report     {
272 silly audit report       id: 1117015,
272 silly audit report       url: 'https://github.com/advisories/GHSA-qx2v-qp2m-jg93',
272 silly audit report       title: 'PostCSS has XSS via Unescaped </style> in its CSS Stringify Output',
272 silly audit report       severity: 'moderate',
272 silly audit report       vulnerable_versions: '<8.5.10',
272 silly audit report       cwe: [Array],
272 silly audit report       cvss: [Object]
272 silly audit report     },
272 silly audit report     {
272 silly audit report       id: 1124252,
272 silly audit report       url: 'https://github.com/advisories/GHSA-6g55-p6wh-862q',
272 silly audit report       title: 'PostCSS: Arbitrary file read and information disclosure via attacker-controlled sourceMappingURL in CSS comments',
272 silly audit report       severity: 'high',
272 silly audit report       vulnerable_versions: '<=8.5.11',
272 silly audit report       cwe: [Array],
272 silly audit report       cvss: [Object]
272 silly audit report     }
272 silly audit report   ],
272 silly audit report   qs: [
272 silly audit report     {
272 silly audit report       id: 1119502,
272 silly audit report       url: 'https://github.com/advisories/GHSA-q8mj-m7cp-5q26',
272 silly audit report       title: 'qs has a remotely triggerable DoS: qs.stringify crashes with TypeError on null/undefined entries in comma-format arrays when encodeValuesOnly is set',
272 silly audit report       severity: 'moderate',
272 silly audit report       vulnerable_versions: '>=6.11.1 <=6.15.1',
272 silly audit report       cwe: [Array],
272 silly audit report       cvss: [Object]
272 silly audit report     },
272 silly audit report     {
272 silly audit report       id: 1113161,
272 silly audit report       url: 'https://github.com/advisories/GHSA-w7fw-mjwx-w883',
272 silly audit report       title: "qs's arrayLimit bypass in comma parsing allows denial of service",
272 silly audit report       severity: 'low',
272 silly audit report       vulnerable_versions: '>=6.7.0 <=6.14.1',
272 silly audit report       cwe: [Array],
272 silly audit report       cvss: [Object]
272 silly audit report     }
272 silly audit report   ],
272 silly audit report   rollup: [
272 silly audit report     {
272 silly audit report       id: 1113515,
272 silly audit report       url: 'https://github.com/advisories/GHSA-mw96-cpmx-2vgc',
272 silly audit report       title: 'Rollup 4 has Arbitrary File Write via Path Traversal',
272 silly audit report       severity: 'high',
272 silly audit report       vulnerable_versions: '>=4.0.0 <4.59.0',
272 silly audit report       cwe: [Array],
272 silly audit report       cvss: [Object]
272 silly audit report     }
272 silly audit report   ],
272 silly audit report   sigstore: [
272 silly audit report     {
272 silly audit report       id: 1122163,
272 silly audit report       url: 'https://github.com/advisories/GHSA-52v5-jr5w-gjxr',
272 silly audit report       title: "sigstore's `certificateOIDs` verification constraints are silently dropped and never enforced",
272 silly audit report       severity: 'high',
272 silly audit report       vulnerable_versions: '<=4.1.0',
272 silly audit report       cwe: [Array],
272 silly audit report       cvss: [Object]
272 silly audit report     }
272 silly audit report   ],
272 silly audit report   'socket.io-parser': [
272 silly audit report     {
272 silly audit report       id: 1115154,
272 silly audit report       url: 'https://github.com/advisories/GHSA-677m-j7p3-52f9',
272 silly audit report       title: 'socket.io allows an unbounded number of binary attachments',
272 silly audit report       severity: 'high',
272 silly audit report       vulnerable_versions: '>=4.0.0 <4.2.6',
272 silly audit report       cwe: [Array],
272 silly audit report       cvss: [Object]
272 silly audit report     }
272 silly audit report   ],
272 silly audit report   tar: [
272 silly audit report     {
272 silly audit report       id: 1113375,
272 silly audit report       url: 'https://github.com/advisories/GHSA-83g3-92jg-28cx',
272 silly audit report       title: 'Arbitrary File Read/Write via Hardlink Target Escape Through Symlink Chain in node-tar Extraction',
272 silly audit report       severity: 'high',
272 silly audit report       vulnerable_versions: '<7.5.8',
272 silly audit report       cwe: [Array],
272 silly audit report       cvss: [Object]
272 silly audit report     },
272 silly audit report     {
272 silly audit report       id: 1114200,
272 silly audit report       url: 'https://github.com/advisories/GHSA-qffp-2rhf-9h96',
272 silly audit report       title: 'tar has Hardlink Path Traversal via Drive-Relative Linkpath',
272 silly audit report       severity: 'high',
272 silly audit report       vulnerable_versions: '<=7.5.9',
272 silly audit report       cwe: [Array],
272 silly audit report       cvss: [Object]
272 silly audit report     },
272 silly audit report     {
272 silly audit report       id: 1114302,
272 silly audit report       url: 'https://github.com/advisories/GHSA-9ppj-qmqm-q256',
272 silly audit report       title: 'node-tar Symlink Path Traversal via Drive-Relative Linkpath',
272 silly audit report       severity: 'high',
272 silly audit report       vulnerable_versions: '<=7.5.10',
272 silly audit report       cwe: [Array],
272 silly audit report       cvss: [Object]
272 silly audit report     },
272 silly audit report     {
272 silly audit report       id: 1120782,
272 silly audit report       url: 'https://github.com/advisories/GHSA-vmf3-w455-68vh',
272 silly audit report       title: 'node-tar applies PAX size override to intermediary GNU long-name/long-link headers, causing tar parser interpretation differential (file smuggling)',
272 silly audit report       severity: 'moderate',
272 silly audit report       vulnerable_versions: '<=7.5.15',
272 silly audit report       cwe: [Array],
272 silly audit report       cvss: [Object]
272 silly audit report     },
272 silly audit report     {
272 silly audit report       id: 1123939,
272 silly audit report       url: 'https://github.com/advisories/GHSA-w8wr-v893-vjvp',
272 silly audit report       title: 'node-tar: Process crash via PAX numeric path type confusion',
272 silly audit report       severity: 'moderate',
272 silly audit report       vulnerable_versions: '<=7.5.17',
272 silly audit report       cwe: [Array],
272 silly audit report       cvss: [Object]
272 silly audit report     },
272 silly audit report     {
272 silly audit report       id: 1123940,
272 silly audit report       url: 'https://github.com/advisories/GHSA-23hp-3jrh-7fpw',
272 silly audit report       title: 'node-tar: Decompression/parse DoS via unlimited input',
272 silly audit report       severity: 'critical',
272 silly audit report       vulnerable_versions: '<=7.5.18',
272 silly audit report       cwe: [Array],
272 silly audit report       cvss: [Object]
272 silly audit report     },
272 silly audit report     {
272 silly audit report       id: 1123941,
272 silly audit report       url: 'https://github.com/advisories/GHSA-8x88-c5mf-7j5w',
272 silly audit report       title: 'node-tar: Negative tar entry size causes infinite loop in archive replace',
272 silly audit report       severity: 'high',
272 silly audit report       vulnerable_versions: '<=7.5.17',
272 silly audit report       cwe: [Array],
272 silly audit report       cvss: [Object]
272 silly audit report     },
272 silly audit report     {
272 silly audit report       id: 1123942,
272 silly audit report       url: 'https://github.com/advisories/GHSA-gvwx-54wh-qm9j',
272 silly audit report       title: 'node-tar: Uncaught Exception DoS via NUL byte in PAX path/linkpath records',
272 silly audit report       severity: 'moderate',
272 silly audit report       vulnerable_versions: '<=7.5.16',
272 silly audit report       cwe: [Array],
272 silly audit report       cvss: [Object]
272 silly audit report     }
272 silly audit report   ],
272 silly audit report   tmp: [
272 silly audit report     {
272 silly audit report       id: 1120654,
272 silly audit report       url: 'https://github.com/advisories/GHSA-ph9p-34f9-6g65',
272 silly audit report       title: 'tmp has Path Traversal via unsanitized prefix/postfix that enables directory escape',
272 silly audit report       severity: 'high',
272 silly audit report       vulnerable_versions: '<0.2.6',
272 silly audit report       cwe: [Array],
272 silly audit report       cvss: [Object]
272 silly audit report     }
272 silly audit report   ],
272 silly audit report   vite: [
272 silly audit report     {
272 silly audit report       id: 1120785,
272 silly audit report       url: 'https://github.com/advisories/GHSA-v6wh-96g9-6wx3',
272 silly audit report       title: 'launch-editor: NTLMv2 hash disclosure via UNC path handling on Windows',
272 silly audit report       severity: 'moderate',
272 silly audit report       vulnerable_versions: '>=7.0.0 <=7.3.4',
272 silly audit report       cwe: [Array],
272 silly audit report       cvss: [Object]
272 silly audit report     },
272 silly audit report     {
272 silly audit report       id: 1116230,
272 silly audit report       url: 'https://github.com/advisories/GHSA-4w7w-66w2-5vf9',
272 silly audit report       title: 'Vite Vulnerable to Path Traversal in Optimized Deps `.map` Handling',
272 silly audit report       severity: 'moderate',
272 silly audit report       vulnerable_versions: '>=7.0.0 <=7.3.1',
272 silly audit report       cwe: [Array],
272 silly audit report       cvss: [Object]
272 silly audit report     },
272 silly audit report     {
272 silly audit report       id: 1116232,
272 silly audit report       url: 'https://github.com/advisories/GHSA-v2wj-q39q-566r',
272 silly audit report       title: 'Vite: `server.fs.deny` bypassed with queries',
272 silly audit report       severity: 'high',
272 silly audit report       vulnerable_versions: '>=7.1.0 <=7.3.1',
272 silly audit report       cwe: [Array],
272 silly audit report       cvss: [Object]
272 silly audit report     },
272 silly audit report     {
272 silly audit report       id: 1116235,
272 silly audit report       url: 'https://github.com/advisories/GHSA-p9ff-h696-f583',
272 silly audit report       title: 'Vite Vulnerable to Arbitrary File Read via Vite Dev Server WebSocket',
272 silly audit report       severity: 'high',
272 silly audit report       vulnerable_versions: '>=7.0.0 <=7.3.1',
272 silly audit report       cwe: [Array],
272 silly audit report       cvss: [Object]
272 silly audit report     },
272 silly audit report     {
272 silly audit report       id: 1123526,
272 silly audit report       url: 'https://github.com/advisories/GHSA-fx2h-pf6j-xcff',
272 silly audit report       title: 'vite: `server.fs.deny` bypass on Windows alternate paths',
272 silly audit report       severity: 'high',
272 silly audit report       vulnerable_versions: '>=7.0.0 <=7.3.4',
272 silly audit report       cwe: [Array],
272 silly audit report       cvss: [Object]
272 silly audit report     }
272 silly audit report   ],
272 silly audit report   ws: [
272 silly audit report     {
272 silly audit report       id: 1119108,
272 silly audit report       url: 'https://github.com/advisories/GHSA-58qx-3vcg-4xpx',
272 silly audit report       title: 'ws: Uninitialized memory disclosure',
272 silly audit report       severity: 'moderate',
272 silly audit report       vulnerable_versions: '>=8.0.0 <8.20.1',
272 silly audit report       cwe: [Array],
272 silly audit report       cvss: [Object]
272 silly audit report     },
272 silly audit report     {
272 silly audit report       id: 1123259,
272 silly audit report       url: 'https://github.com/advisories/GHSA-96hv-2xvq-fx4p',
272 silly audit report       title: 'ws: Memory exhaustion DoS from tiny fragments and data chunks',
272 silly audit report       severity: 'high',
272 silly audit report       vulnerable_versions: '>=8.0.0 <8.21.0',
272 silly audit report       cwe: [Array],
272 silly audit report       cvss: [Object]
272 silly audit report     }
272 silly audit report   ],
272 silly audit report   xlsx: [
272 silly audit report     {
272 silly audit report       id: 1108110,
272 silly audit report       url: 'https://github.com/advisories/GHSA-4r6h-8v6p-xvw6',
272 silly audit report       title: 'Prototype Pollution in sheetJS',
272 silly audit report       severity: 'high',
272 silly audit report       vulnerable_versions: '<0.19.3',
272 silly audit report       cwe: [Array],
272 silly audit report       cvss: [Object]
272 silly audit report     },
272 silly audit report     {
272 silly audit report       id: 1108111,
272 silly audit report       url: 'https://github.com/advisories/GHSA-5pgg-2g8v-p4x9',
272 silly audit report       title: 'SheetJS Regular Expression Denial of Service (ReDoS)',
272 silly audit report       severity: 'high',
272 silly audit report       vulnerable_versions: '<0.20.2',
272 silly audit report       cwe: [Array],
272 silly audit report       cvss: [Object]
272 silly audit report     }
272 silly audit report   ]
272 silly audit report }
273 silly packumentCache corgi:https://registry.npmjs.org/@angular%2fcommon cache-miss
274 silly packumentCache corgi:https://registry.npmjs.org/@angular%2fcompiler cache-miss
275 silly packumentCache corgi:https://registry.npmjs.org/@angular%2fcore cache-miss
276 silly packumentCache corgi:https://registry.npmjs.org/@angular%2fservice-worker cache-miss
277 silly packumentCache corgi:https://registry.npmjs.org/@babel%2fcore cache-miss
278 silly packumentCache corgi:https://registry.npmjs.org/@hono%2fnode-server cache-miss
279 silly packumentCache corgi:https://registry.npmjs.org/@modelcontextprotocol%2fsdk cache-miss
280 silly packumentCache corgi:https://registry.npmjs.org/minimatch cache-miss
281 silly packumentCache corgi:https://registry.npmjs.org/@sigstore%2fcore cache-miss
282 silly packumentCache corgi:https://registry.npmjs.org/@sigstore%2fverify cache-miss
283 silly packumentCache corgi:https://registry.npmjs.org/ajv cache-miss
284 silly packumentCache corgi:https://registry.npmjs.org/picomatch cache-miss
285 silly packumentCache corgi:https://registry.npmjs.org/body-parser cache-miss
286 silly packumentCache corgi:https://registry.npmjs.org/brace-expansion cache-miss
287 silly packumentCache corgi:https://registry.npmjs.org/engine.io cache-miss
288 silly packumentCache corgi:https://registry.npmjs.org/fast-uri cache-miss
289 silly packumentCache corgi:https://registry.npmjs.org/flatted cache-miss
290 silly packumentCache corgi:https://registry.npmjs.org/follow-redirects cache-miss
291 silly packumentCache corgi:https://registry.npmjs.org/immutable cache-miss
292 silly packumentCache corgi:https://registry.npmjs.org/ip-address cache-miss
293 silly packumentCache corgi:https://registry.npmjs.org/lodash cache-miss
294 silly packumentCache corgi:https://registry.npmjs.org/path-to-regexp cache-miss
295 silly packumentCache corgi:https://registry.npmjs.org/piscina cache-miss
296 silly packumentCache corgi:https://registry.npmjs.org/postcss cache-miss
297 silly packumentCache corgi:https://registry.npmjs.org/qs cache-miss
298 silly packumentCache corgi:https://registry.npmjs.org/rollup cache-miss
299 silly packumentCache corgi:https://registry.npmjs.org/sigstore cache-miss
300 silly packumentCache corgi:https://registry.npmjs.org/socket.io-parser cache-miss
301 silly packumentCache corgi:https://registry.npmjs.org/tar cache-miss
302 silly packumentCache corgi:https://registry.npmjs.org/tmp cache-miss
303 silly packumentCache corgi:https://registry.npmjs.org/vite cache-miss
304 silly packumentCache corgi:https://registry.npmjs.org/ws cache-miss
305 silly packumentCache corgi:https://registry.npmjs.org/xlsx cache-miss
306 http fetch GET 200 https://registry.npmjs.org/brace-expansion 137ms (cache miss)
307 silly packumentCache corgi:https://registry.npmjs.org/brace-expansion set size:undefined disposed:false
308 http fetch GET 200 https://registry.npmjs.org/flatted 143ms (cache miss)
309 silly packumentCache corgi:https://registry.npmjs.org/flatted set size:undefined disposed:false
310 http fetch GET 200 https://registry.npmjs.org/picomatch 160ms (cache miss)
311 silly packumentCache corgi:https://registry.npmjs.org/picomatch set size:undefined disposed:false
312 http fetch GET 200 https://registry.npmjs.org/minimatch 171ms (cache miss)
313 silly packumentCache corgi:https://registry.npmjs.org/minimatch set size:undefined disposed:false
314 http fetch GET 200 https://registry.npmjs.org/fast-uri 193ms (cache miss)
315 silly packumentCache corgi:https://registry.npmjs.org/fast-uri set size:undefined disposed:false
316 http fetch GET 200 https://registry.npmjs.org/path-to-regexp 212ms (cache miss)
317 silly packumentCache corgi:https://registry.npmjs.org/path-to-regexp set size:undefined disposed:false
318 http fetch GET 200 https://registry.npmjs.org/immutable 222ms (cache miss)
319 silly packumentCache corgi:https://registry.npmjs.org/immutable set size:undefined disposed:false
320 http fetch GET 200 https://registry.npmjs.org/@hono%2fnode-server 255ms (cache miss)
321 silly packumentCache corgi:https://registry.npmjs.org/@hono%2fnode-server set size:undefined disposed:false
322 http fetch GET 200 https://registry.npmjs.org/@angular/material-moment-adapter/-/material-moment-adapter-21.2.3.tgz 730ms (cache miss)
323 http fetch GET 200 https://registry.npmjs.org/lodash 357ms (cache miss)
324 silly packumentCache corgi:https://registry.npmjs.org/lodash set size:undefined disposed:false
325 http fetch GET 200 https://registry.npmjs.org/follow-redirects 380ms (cache miss)
326 silly packumentCache corgi:https://registry.npmjs.org/follow-redirects set size:undefined disposed:false
327 http fetch GET 200 https://registry.npmjs.org/@modelcontextprotocol%2fsdk 392ms (cache miss)
328 silly packumentCache corgi:https://registry.npmjs.org/@modelcontextprotocol%2fsdk set size:undefined disposed:false
329 http fetch GET 200 https://registry.npmjs.org/sigstore 421ms (cache miss)
330 silly packumentCache corgi:https://registry.npmjs.org/sigstore set size:undefined disposed:false
331 http fetch GET 200 https://registry.npmjs.org/xlsx 430ms (cache miss)
332 silly packumentCache corgi:https://registry.npmjs.org/xlsx set size:undefined disposed:false
333 http fetch GET 200 https://registry.npmjs.org/tar 445ms (cache miss)
334 silly packumentCache corgi:https://registry.npmjs.org/tar set size:undefined disposed:false
335 http fetch GET 200 https://registry.npmjs.org/@sigstore%2fcore 478ms (cache miss)
336 silly packumentCache corgi:https://registry.npmjs.org/@sigstore%2fcore set size:undefined disposed:false
337 http fetch GET 200 https://registry.npmjs.org/@sigstore%2fverify 480ms (cache miss)
338 silly packumentCache corgi:https://registry.npmjs.org/@sigstore%2fverify set size:undefined disposed:false
339 http fetch GET 200 https://registry.npmjs.org/ip-address 483ms (cache miss)
340 silly packumentCache corgi:https://registry.npmjs.org/ip-address set size:undefined disposed:false
341 http fetch GET 200 https://registry.npmjs.org/socket.io-parser 488ms (cache miss)
342 silly packumentCache corgi:https://registry.npmjs.org/socket.io-parser set size:undefined disposed:false
343 http fetch GET 200 https://registry.npmjs.org/body-parser 502ms (cache miss)
344 silly packumentCache corgi:https://registry.npmjs.org/body-parser set size:undefined disposed:false
345 http fetch GET 200 https://registry.npmjs.org/ajv 508ms (cache miss)
346 silly packumentCache corgi:https://registry.npmjs.org/ajv set size:undefined disposed:false
347 http fetch GET 200 https://registry.npmjs.org/qs 518ms (cache miss)
348 silly packumentCache corgi:https://registry.npmjs.org/qs set size:undefined disposed:false
349 http fetch GET 200 https://registry.npmjs.org/piscina 530ms (cache miss)
350 silly packumentCache corgi:https://registry.npmjs.org/piscina set size:undefined disposed:false
351 http fetch GET 200 https://registry.npmjs.org/@babel%2fcore 545ms (cache miss)
352 silly packumentCache corgi:https://registry.npmjs.org/@babel%2fcore set size:undefined disposed:false
353 http fetch GET 200 https://registry.npmjs.org/tmp 542ms (cache miss)
354 silly packumentCache corgi:https://registry.npmjs.org/tmp set size:undefined disposed:false
355 http fetch GET 200 https://registry.npmjs.org/@rrweb/utils/-/utils-2.1.1.tgz 993ms (cache miss)
356 http fetch GET 200 https://registry.npmjs.org/postcss 578ms (cache miss)
357 silly packumentCache corgi:https://registry.npmjs.org/postcss set size:undefined disposed:false
358 http fetch GET 200 https://registry.npmjs.org/ws 593ms (cache miss)
359 silly packumentCache corgi:https://registry.npmjs.org/ws set size:undefined disposed:false
360 http fetch GET 200 https://registry.npmjs.org/engine.io 619ms (cache miss)
361 silly packumentCache corgi:https://registry.npmjs.org/engine.io set size:undefined disposed:false
362 http fetch GET 200 https://registry.npmjs.org/@rrweb/types/-/types-2.1.1.tgz 1112ms (cache miss)
363 http fetch GET 200 https://registry.npmjs.org/@angular%2fcore 708ms (cache miss)
364 silly packumentCache corgi:https://registry.npmjs.org/@angular%2fcore set size:undefined disposed:false
365 http fetch GET 200 https://registry.npmjs.org/@angular%2fcommon 844ms (cache miss)
366 silly packumentCache corgi:https://registry.npmjs.org/@angular%2fcommon set size:undefined disposed:false
367 http fetch GET 200 https://registry.npmjs.org/@angular%2fcompiler 938ms (cache miss)
368 silly packumentCache corgi:https://registry.npmjs.org/@angular%2fcompiler set size:undefined disposed:false
369 http fetch GET 200 https://registry.npmjs.org/@angular%2fservice-worker 1028ms (cache miss)
370 silly packumentCache corgi:https://registry.npmjs.org/@angular%2fservice-worker set size:undefined disposed:false
371 http fetch GET 200 https://registry.npmjs.org/vite 1116ms (cache miss)
372 silly packumentCache corgi:https://registry.npmjs.org/vite set size:undefined disposed:false
373 http fetch GET 200 https://registry.npmjs.org/rollup 1216ms (cache miss)
374 silly packumentCache corgi:https://registry.npmjs.org/rollup set size:undefined disposed:false
375 silly packumentCache corgi:https://registry.npmjs.org/@angular%2fbuild cache-miss
376 silly packumentCache corgi:https://registry.npmjs.org/@angular%2fcompiler-cli cache-miss
377 silly packumentCache corgi:https://registry.npmjs.org/istanbul-lib-instrument cache-miss
378 http fetch GET 200 https://registry.npmjs.org/rrweb/-/rrweb-2.1.1.tgz 1776ms (cache miss)
379 http fetch GET 200 https://registry.npmjs.org/istanbul-lib-instrument 52ms (cache miss)
380 silly packumentCache corgi:https://registry.npmjs.org/istanbul-lib-instrument set size:undefined disposed:false
381 http fetch GET 200 https://registry.npmjs.org/@angular%2fbuild 75ms (cache miss)
382 silly packumentCache corgi:https://registry.npmjs.org/@angular%2fbuild set size:undefined disposed:false
383 http fetch GET 200 https://registry.npmjs.org/rrweb-snapshot/-/rrweb-snapshot-2.1.1.tgz 1847ms (cache miss)
384 http fetch GET 200 https://registry.npmjs.org/rrdom/-/rrdom-2.1.1.tgz 1849ms (cache miss)
385 http fetch GET 200 https://registry.npmjs.org/@angular%2fcompiler-cli 634ms (cache miss)
386 silly packumentCache corgi:https://registry.npmjs.org/@angular%2fcompiler-cli set size:undefined disposed:false
387 silly packumentCache corgi:https://registry.npmjs.org/@angular%2fcli cache-miss
388 http fetch GET 200 https://registry.npmjs.org/@angular%2fcli 148ms (cache miss)
389 silly packumentCache corgi:https://registry.npmjs.org/@angular%2fcli set size:undefined disposed:false
390 silly packumentCache corgi:https://registry.npmjs.org/glob cache-miss
391 silly packumentCache corgi:https://registry.npmjs.org/karma cache-miss
392 silly packumentCache corgi:https://registry.npmjs.org/karma-coverage cache-miss
393 http fetch GET 200 https://registry.npmjs.org/glob 68ms (cache miss)
394 silly packumentCache corgi:https://registry.npmjs.org/glob set size:undefined disposed:false
395 http fetch GET 200 https://registry.npmjs.org/karma-coverage 191ms (cache miss)
396 silly packumentCache corgi:https://registry.npmjs.org/karma-coverage set size:undefined disposed:false
397 http fetch GET 200 https://registry.npmjs.org/karma 204ms (cache miss)
398 silly packumentCache corgi:https://registry.npmjs.org/karma set size:undefined disposed:false
399 silly packumentCache corgi:https://registry.npmjs.org/@tufjs%2fmodels cache-miss
400 silly packumentCache corgi:https://registry.npmjs.org/ignore-walk cache-miss
401 http fetch GET 200 https://registry.npmjs.org/ignore-walk 197ms (cache miss)
402 silly packumentCache corgi:https://registry.npmjs.org/ignore-walk set size:undefined disposed:false
403 http fetch GET 200 https://registry.npmjs.org/@tufjs%2fmodels 357ms (cache miss)
404 silly packumentCache corgi:https://registry.npmjs.org/@tufjs%2fmodels set size:undefined disposed:false
405 silly packumentCache corgi:https://registry.npmjs.org/@sigstore%2fsign cache-miss
406 http fetch GET 200 https://registry.npmjs.org/@sigstore%2fsign 345ms (cache miss)
407 silly packumentCache corgi:https://registry.npmjs.org/@sigstore%2fsign set size:undefined disposed:false
408 silly packumentCache corgi:https://registry.npmjs.org/@angular-devkit%2fcore cache-miss
409 silly packumentCache corgi:https://registry.npmjs.org/ajv-formats cache-miss
410 http fetch GET 200 https://registry.npmjs.org/ajv-formats 202ms (cache miss)
411 silly packumentCache corgi:https://registry.npmjs.org/ajv-formats set size:undefined disposed:false
412 http fetch GET 200 https://registry.npmjs.org/@angular-devkit%2fcore 434ms (cache miss)
413 silly packumentCache corgi:https://registry.npmjs.org/@angular-devkit%2fcore set size:undefined disposed:false
414 silly packumentCache corgi:https://registry.npmjs.org/anymatch cache-miss
415 silly packumentCache corgi:https://registry.npmjs.org/readdirp cache-miss
416 http fetch GET 200 https://registry.npmjs.org/readdirp 62ms (cache miss)
417 silly packumentCache corgi:https://registry.npmjs.org/readdirp set size:undefined disposed:false
418 http fetch GET 200 https://registry.npmjs.org/anymatch 113ms (cache miss)
419 silly packumentCache corgi:https://registry.npmjs.org/anymatch set size:undefined disposed:false
420 silly packumentCache corgi:https://registry.npmjs.org/@parcel%2fwatcher cache-miss
421 silly packumentCache corgi:https://registry.npmjs.org/tinyglobby cache-miss
422 http fetch GET 200 https://registry.npmjs.org/tinyglobby 89ms (cache miss)
423 silly packumentCache corgi:https://registry.npmjs.org/tinyglobby set size:undefined disposed:false
424 http fetch GET 200 https://registry.npmjs.org/@parcel%2fwatcher 554ms (cache miss)
425 silly packumentCache corgi:https://registry.npmjs.org/@parcel%2fwatcher set size:undefined disposed:false
426 silly packumentCache corgi:https://registry.npmjs.org/express cache-miss
427 http fetch GET 200 https://registry.npmjs.org/express 61ms (cache miss)
428 silly packumentCache corgi:https://registry.npmjs.org/express set size:undefined disposed:false
429 silly packumentCache corgi:https://registry.npmjs.org/socket.io cache-miss
430 http fetch GET 200 https://registry.npmjs.org/socket.io 50ms (cache miss)
431 silly packumentCache corgi:https://registry.npmjs.org/socket.io set size:undefined disposed:false
432 silly packumentCache corgi:https://registry.npmjs.org/log4js cache-miss
433 http fetch GET 200 https://registry.npmjs.org/log4js 174ms (cache miss)
434 silly packumentCache corgi:https://registry.npmjs.org/log4js set size:undefined disposed:false
435 silly packumentCache corgi:https://registry.npmjs.org/http-proxy cache-miss
436 http fetch GET 200 https://registry.npmjs.org/http-proxy 174ms (cache miss)
437 silly packumentCache corgi:https://registry.npmjs.org/http-proxy set size:undefined disposed:false
438 silly packumentCache corgi:https://registry.npmjs.org/sass cache-miss
439 http fetch GET 200 https://registry.npmjs.org/sass 65ms (cache miss)
440 silly packumentCache corgi:https://registry.npmjs.org/sass set size:undefined disposed:false
441 silly packumentCache corgi:https://registry.npmjs.org/socks cache-miss
442 http fetch GET 200 https://registry.npmjs.org/socks 181ms (cache miss)
443 silly packumentCache corgi:https://registry.npmjs.org/socks set size:undefined disposed:false
444 silly packumentCache corgi:https://registry.npmjs.org/router cache-miss
445 http fetch GET 200 https://registry.npmjs.org/router 174ms (cache miss)
446 silly packumentCache corgi:https://registry.npmjs.org/router set size:undefined disposed:false
447 silly packumentCache corgi:https://registry.npmjs.org/beasties cache-miss
448 silly packumentCache corgi:https://registry.npmjs.org/rrweb-snapshot cache-miss
449 http fetch GET 200 https://registry.npmjs.org/beasties 210ms (cache miss)
450 silly packumentCache corgi:https://registry.npmjs.org/beasties set size:undefined disposed:false
451 http fetch GET 200 https://registry.npmjs.org/rrweb-snapshot 241ms (cache miss)
452 silly packumentCache corgi:https://registry.npmjs.org/rrweb-snapshot set size:undefined disposed:false
453 silly packumentCache corgi:https://registry.npmjs.org/pacote cache-miss
454 http fetch GET 200 https://registry.npmjs.org/pacote 198ms (cache miss)
455 silly packumentCache corgi:https://registry.npmjs.org/pacote set size:undefined disposed:false
456 silly packumentCache corgi:https://registry.npmjs.org/socket.io-client cache-miss
457 http fetch GET 200 https://registry.npmjs.org/socket.io-client 178ms (cache miss)
458 silly packumentCache corgi:https://registry.npmjs.org/socket.io-client set size:undefined disposed:false
459 silly packumentCache corgi:https://registry.npmjs.org/node-gyp cache-miss
460 http fetch GET 200 https://registry.npmjs.org/node-gyp 282ms (cache miss)
461 silly packumentCache corgi:https://registry.npmjs.org/node-gyp set size:undefined disposed:false
462 silly packumentCache corgi:https://registry.npmjs.org/engine.io-client cache-miss
463 silly packumentCache corgi:https://registry.npmjs.org/socket.io-adapter cache-miss
464 http fetch GET 200 https://registry.npmjs.org/engine.io-client 41ms (cache miss)
465 silly packumentCache corgi:https://registry.npmjs.org/engine.io-client set size:undefined disposed:false
466 http fetch GET 200 https://registry.npmjs.org/socket.io-adapter 55ms (cache miss)
467 silly packumentCache corgi:https://registry.npmjs.org/socket.io-adapter set size:undefined disposed:false
468 silly packumentCache corgi:https://registry.npmjs.org/@angular-devkit%2farchitect cache-miss
469 silly packumentCache corgi:https://registry.npmjs.org/@angular-devkit%2fschematics cache-miss
470 silly packumentCache corgi:https://registry.npmjs.org/@schematics%2fangular cache-miss
471 http fetch GET 200 https://registry.npmjs.org/@schematics%2fangular 1055ms (cache miss)
472 silly packumentCache corgi:https://registry.npmjs.org/@schematics%2fangular set size:undefined disposed:false
473 http fetch GET 200 https://registry.npmjs.org/@angular-devkit%2fschematics 1160ms (cache miss)
474 silly packumentCache corgi:https://registry.npmjs.org/@angular-devkit%2fschematics set size:undefined disposed:false
475 http fetch GET 200 https://registry.npmjs.org/@angular-devkit%2farchitect 1308ms (cache miss)
476 silly packumentCache corgi:https://registry.npmjs.org/@angular-devkit%2farchitect set size:undefined disposed:false
477 silly ADD node_modules/rrweb-snapshot
478 silly ADD node_modules/rrdom
479 silly ADD node_modules/mitt
480 silly ADD node_modules/base64-arraybuffer
481 silly ADD node_modules/@xstate/fsm
482 silly ADD node_modules/@types/css-font-loading-module
483 silly ADD node_modules/@rrweb/utils
484 silly ADD node_modules/@rrweb/types
485 silly ADD node_modules/rrweb
486 silly ADD
487 silly ADD
488 silly ADD
489 silly ADD
490 silly ADD
491 silly ADD
492 silly ADD
493 silly ADD
494 silly ADD
495 silly ADD
496 silly ADD
497 silly ADD
498 silly ADD
499 silly ADD
500 silly ADD
501 silly ADD
502 silly ADD
503 silly ADD
504 silly ADD
505 silly ADD
506 silly ADD
507 silly ADD
508 silly ADD
509 silly ADD
510 silly ADD
511 silly ADD
512 silly ADD
513 silly ADD
514 silly ADD
515 silly ADD
516 silly ADD
517 silly ADD
518 silly ADD
519 silly ADD
520 silly ADD
521 silly ADD
522 silly ADD
523 silly ADD
524 silly ADD
525 silly ADD
526 silly ADD
527 silly ADD
528 silly ADD
529 silly ADD
530 silly ADD
531 silly ADD
532 silly ADD
533 silly ADD
534 silly ADD
535 silly ADD
536 silly ADD
537 silly ADD
538 silly ADD
539 silly ADD
540 silly ADD
541 silly ADD
542 silly ADD
543 silly ADD
544 silly ADD
545 silly ADD
546 silly ADD
547 silly ADD
548 silly ADD
549 silly ADD
550 silly ADD
551 silly ADD
552 silly ADD
553 silly ADD
554 silly ADD
555 silly ADD
556 silly ADD
557 silly ADD
558 silly ADD
559 silly ADD
560 silly ADD
561 silly ADD
562 silly ADD
563 silly ADD
564 silly ADD
565 silly ADD
566 silly ADD
567 silly ADD
568 silly ADD
569 silly ADD
570 silly ADD
571 silly REMOVE node_modules/hono
572 silly ADD
573 silly ADD
574 silly ADD
575 silly ADD
576 silly ADD
577 silly ADD
578 silly ADD
579 silly CHANGE node_modules/@angular/material-moment-adapter
580 verbose cwd C:\Users\W10\Desktop\PROYECTO_METAS_PERU\metasperu.center
581 verbose os Windows_NT 10.0.19045
582 verbose node v22.19.0
583 verbose npm  v10.9.3
584 verbose exit 0
585 info ok
