0 verbose cli C:\Program Files\nodejs\node.exe C:\Program Files\nodejs\node_modules\npm\bin\npm-cli.js
1 info using npm@10.9.3
2 info using node@v22.19.0
3 silly config load:file:C:\Program Files\nodejs\node_modules\npm\npmrc
4 silly config load:file:C:\Users\W10\Desktop\PROYECTO_METAS_PERU\metasperu.center\.npmrc
5 silly config load:file:C:\Users\W10\.npmrc
6 silly config load:file:C:\Users\W10\AppData\Roaming\npm\etc\npmrc
7 verbose title npm install rrweb-player
8 verbose argv "install" "rrweb-player" "--save" "--cache" ".npm-cache" "--legacy-peer-deps"
9 verbose logfile logs-max:10 dir:C:\Users\W10\Desktop\PROYECTO_METAS_PERU\metasperu.center\.npm-cache\_logs\2026-07-24T16_18_17_729Z-
10 verbose logfile C:\Users\W10\Desktop\PROYECTO_METAS_PERU\metasperu.center\.npm-cache\_logs\2026-07-24T16_18_17_729Z-debug-0.log
11 silly logfile done cleaning log files
12 silly packumentCache heap:4345298944 maxSize:1086324736 maxEntrySize:543162368
13 silly idealTree buildDeps
14 silly fetch manifest rrweb-player@*
15 silly packumentCache full:https://registry.npmjs.org/rrweb-player cache-miss
16 http cache https://registry.npmjs.org/rrweb-player 180ms (cache hit)
17 silly packumentCache full:https://registry.npmjs.org/rrweb-player set size:236927 disposed:false
18 silly placeDep ROOT rrweb-player@2.1.1 OK for: metasperu.center@0.0.0 want: *
19 silly fetch manifest @tsconfig/svelte@^1.0.0
20 silly packumentCache full:https://registry.npmjs.org/@tsconfig%2fsvelte cache-miss
21 silly fetch manifest @rrweb/replay@^2.1.1
22 silly packumentCache full:https://registry.npmjs.org/@rrweb%2freplay cache-miss
23 silly fetch manifest @rrweb/packer@^2.1.1
24 silly packumentCache full:https://registry.npmjs.org/@rrweb%2fpacker cache-miss
25 http cache https://registry.npmjs.org/@tsconfig%2fsvelte 11ms (cache hit)
26 silly packumentCache full:https://registry.npmjs.org/@tsconfig%2fsvelte set size:56398 disposed:false
27 http cache https://registry.npmjs.org/@rrweb%2freplay 13ms (cache hit)
28 silly packumentCache full:https://registry.npmjs.org/@rrweb%2freplay set size:34451 disposed:false
29 http cache https://registry.npmjs.org/@rrweb%2fpacker 14ms (cache hit)
30 silly packumentCache full:https://registry.npmjs.org/@rrweb%2fpacker set size:34987 disposed:false
31 silly placeDep ROOT @rrweb/packer@2.1.1 OK for: rrweb-player@2.1.1 want: ^2.1.1
32 silly placeDep ROOT @rrweb/replay@2.1.1 OK for: rrweb-player@2.1.1 want: ^2.1.1
33 silly placeDep ROOT @tsconfig/svelte@1.0.13 OK for: rrweb-player@2.1.1 want: ^1.0.0
34 silly fetch manifest fflate@^0.4.4
35 silly packumentCache full:https://registry.npmjs.org/fflate cache-miss
36 http fetch GET 200 https://registry.npmjs.org/fflate 292ms (cache miss)
37 silly packumentCache full:https://registry.npmjs.org/fflate set size:undefined disposed:false
38 silly placeDep ROOT fflate@0.4.9 OK for: @rrweb/packer@2.1.1 want: ^0.4.4
39 silly reify moves {}
40 silly audit bulk request {
40 silly audit   '@algolia/abtesting': [ '1.1.0' ],
40 silly audit   '@algolia/client-abtesting': [ '5.35.0' ],
40 silly audit   '@algolia/client-analytics': [ '5.35.0' ],
40 silly audit   '@algolia/client-common': [ '5.35.0' ],
40 silly audit   '@algolia/client-insights': [ '5.35.0' ],
40 silly audit   '@algolia/client-personalization': [ '5.35.0' ],
40 silly audit   '@algolia/client-query-suggestions': [ '5.35.0' ],
40 silly audit   '@algolia/client-search': [ '5.35.0' ],
40 silly audit   '@algolia/ingestion': [ '1.35.0' ],
40 silly audit   '@algolia/monitoring': [ '1.35.0' ],
40 silly audit   '@algolia/recommend': [ '5.35.0' ],
40 silly audit   '@algolia/requester-browser-xhr': [ '5.35.0' ],
40 silly audit   '@algolia/requester-fetch': [ '5.35.0' ],
40 silly audit   '@algolia/requester-node-http': [ '5.35.0' ],
40 silly audit   '@ampproject/remapping': [ '2.3.0' ],
40 silly audit   '@angular-devkit/architect': [ '0.2003.15' ],
40 silly audit   '@angular-devkit/core': [ '20.3.15' ],
40 silly audit   '@angular-devkit/schematics': [ '20.3.15' ],
40 silly audit   '@angular/build': [ '20.3.15' ],
40 silly audit   '@angular/cdk': [ '20.2.14' ],
40 silly audit   '@angular/cli': [ '20.3.15' ],
40 silly audit   '@angular/common': [ '20.3.16' ],
40 silly audit   '@angular/compiler': [ '20.3.16' ],
40 silly audit   '@angular/compiler-cli': [ '20.3.16' ],
40 silly audit   '@angular/core': [ '20.3.16' ],
40 silly audit   '@angular/forms': [ '20.3.16' ],
40 silly audit   '@angular/material': [ '20.2.14' ],
40 silly audit   '@angular/material-moment-adapter': [ '21.2.3' ],
40 silly audit   '@angular/platform-browser': [ '20.3.16' ],
40 silly audit   '@angular/router': [ '20.3.16' ],
40 silly audit   '@angular/service-worker': [ '20.3.16' ],
40 silly audit   '@babel/code-frame': [ '7.29.0' ],
40 silly audit   '@babel/compat-data': [ '7.29.0' ],
40 silly audit   '@babel/core': [ '7.28.3' ],
40 silly audit   'convert-source-map': [ '2.0.0', '1.9.0' ],
40 silly audit   semver: [ '6.3.1', '7.7.2' ],
40 silly audit   '@babel/generator': [ '7.29.1' ],
40 silly audit   '@babel/helper-annotate-as-pure': [ '7.27.3' ],
40 silly audit   '@babel/helper-compilation-targets': [ '7.28.6' ],
40 silly audit   '@babel/helper-globals': [ '7.28.0' ],
40 silly audit   '@babel/helper-module-imports': [ '7.28.6' ],
40 silly audit   '@babel/helper-module-transforms': [ '7.28.6' ],
40 silly audit   '@babel/helper-split-export-declaration': [ '7.24.7' ],
40 silly audit   '@babel/helper-string-parser': [ '7.27.1' ],
40 silly audit   '@babel/helper-validator-identifier': [ '7.28.5' ],
40 silly audit   '@babel/helper-validator-option': [ '7.27.1' ],
40 silly audit   '@babel/helpers': [ '7.28.6' ],
40 silly audit   '@babel/parser': [ '7.29.0' ],
40 silly audit   '@babel/template': [ '7.28.6' ],
40 silly audit   '@babel/traverse': [ '7.29.0' ],
40 silly audit   '@babel/types': [ '7.29.0' ],
40 silly audit   '@colors/colors': [ '1.5.0' ],
40 silly audit   '@esbuild/aix-ppc64': [ '0.25.9' ],
40 silly audit   '@esbuild/android-arm': [ '0.25.9' ],
40 silly audit   '@esbuild/android-arm64': [ '0.25.9' ],
40 silly audit   '@esbuild/android-x64': [ '0.25.9' ],
40 silly audit   '@esbuild/darwin-arm64': [ '0.25.9' ],
40 silly audit   '@esbuild/darwin-x64': [ '0.25.9' ],
40 silly audit   '@esbuild/freebsd-arm64': [ '0.25.9' ],
40 silly audit   '@esbuild/freebsd-x64': [ '0.25.9' ],
40 silly audit   '@esbuild/linux-arm': [ '0.25.9' ],
40 silly audit   '@esbuild/linux-arm64': [ '0.25.9' ],
40 silly audit   '@esbuild/linux-ia32': [ '0.25.9' ],
40 silly audit   '@esbuild/linux-loong64': [ '0.25.9' ],
40 silly audit   '@esbuild/linux-mips64el': [ '0.25.9' ],
40 silly audit   '@esbuild/linux-ppc64': [ '0.25.9' ],
40 silly audit   '@esbuild/linux-riscv64': [ '0.25.9' ],
40 silly audit   '@esbuild/linux-s390x': [ '0.25.9' ],
40 silly audit   '@esbuild/linux-x64': [ '0.25.9' ],
40 silly audit   '@esbuild/netbsd-arm64': [ '0.25.9' ],
40 silly audit   '@esbuild/netbsd-x64': [ '0.25.9' ],
40 silly audit   '@esbuild/openbsd-arm64': [ '0.25.9' ],
40 silly audit   '@esbuild/openbsd-x64': [ '0.25.9' ],
40 silly audit   '@esbuild/openharmony-arm64': [ '0.25.9' ],
40 silly audit   '@esbuild/sunos-x64': [ '0.25.9' ],
40 silly audit   '@esbuild/win32-arm64': [ '0.25.9' ],
40 silly audit   '@esbuild/win32-ia32': [ '0.25.9' ],
40 silly audit   '@esbuild/win32-x64': [ '0.25.9' ],
40 silly audit   '@hono/node-server': [ '1.19.9' ],
40 silly audit   '@inquirer/ansi': [ '1.0.2' ],
40 silly audit   '@inquirer/checkbox': [ '4.3.2' ],
40 silly audit   '@inquirer/confirm': [ '5.1.14' ],
40 silly audit   '@inquirer/core': [ '10.3.2' ],
40 silly audit   '@inquirer/editor': [ '4.2.23' ],
40 silly audit   '@inquirer/expand': [ '4.0.23' ],
40 silly audit   '@inquirer/external-editor': [ '1.0.3' ],
40 silly audit   '@inquirer/figures': [ '1.0.15' ],
40 silly audit   '@inquirer/input': [ '4.3.1' ],
40 silly audit   '@inquirer/number': [ '3.0.23' ],
40 silly audit   '@inquirer/password': [ '4.0.23' ],
40 silly audit   '@inquirer/prompts': [ '7.8.2' ],
40 silly audit   '@inquirer/rawlist': [ '4.1.11' ],
40 silly audit   '@inquirer/search': [ '3.2.2' ],
40 silly audit   '@inquirer/select': [ '4.4.2' ],
40 silly audit   '@inquirer/type': [ '3.0.10' ],
40 silly audit   '@ionic/angular': [ '8.7.17' ],
40 silly audit   '@ionic/core': [ '8.7.17' ],
40 silly audit   '@isaacs/balanced-match': [ '4.0.1' ],
40 silly audit   '@isaacs/brace-expansion': [ '5.0.1' ],
40 silly audit   '@isaacs/fs-minipass': [ '4.0.1' ],
40 silly audit   '@istanbuljs/schema': [ '0.1.3' ],
40 silly audit   '@jridgewell/gen-mapping': [ '0.3.13' ],
40 silly audit   '@jridgewell/resolve-uri': [ '3.1.2' ],
40 silly audit   '@jridgewell/sourcemap-codec': [ '1.5.5' ],
40 silly audit   '@jridgewell/trace-mapping': [ '0.3.31' ],
40 silly audit   '@listr2/prompt-adapter-inquirer': [ '3.0.1' ],
40 silly audit   '@lmdb/lmdb-darwin-arm64': [ '3.4.2' ],
40 silly audit   '@lmdb/lmdb-darwin-x64': [ '3.4.2' ],
40 silly audit   '@lmdb/lmdb-linux-arm': [ '3.4.2' ],
40 silly audit   '@lmdb/lmdb-linux-arm64': [ '3.4.2' ],
40 silly audit   '@lmdb/lmdb-linux-x64': [ '3.4.2' ],
40 silly audit   '@lmdb/lmdb-win32-arm64': [ '3.4.2' ],
40 silly audit   '@lmdb/lmdb-win32-x64': [ '3.4.2' ],
40 silly audit   '@modelcontextprotocol/sdk': [ '1.25.2' ],
40 silly audit   '@msgpackr-extract/msgpackr-extract-darwin-arm64': [ '3.0.3' ],
40 silly audit   '@msgpackr-extract/msgpackr-extract-darwin-x64': [ '3.0.3' ],
40 silly audit   '@msgpackr-extract/msgpackr-extract-linux-arm': [ '3.0.3' ],
40 silly audit   '@msgpackr-extract/msgpackr-extract-linux-arm64': [ '3.0.3' ],
40 silly audit   '@msgpackr-extract/msgpackr-extract-linux-x64': [ '3.0.3' ],
40 silly audit   '@msgpackr-extract/msgpackr-extract-win32-x64': [ '3.0.3' ],
40 silly audit   '@napi-rs/nice': [ '1.1.1' ],
40 silly audit   '@napi-rs/nice-android-arm-eabi': [ '1.1.1' ],
40 silly audit   '@napi-rs/nice-android-arm64': [ '1.1.1' ],
40 silly audit   '@napi-rs/nice-darwin-arm64': [ '1.1.1' ],
40 silly audit   '@napi-rs/nice-darwin-x64': [ '1.1.1' ],
40 silly audit   '@napi-rs/nice-freebsd-x64': [ '1.1.1' ],
40 silly audit   '@napi-rs/nice-linux-arm-gnueabihf': [ '1.1.1' ],
40 silly audit   '@napi-rs/nice-linux-arm64-gnu': [ '1.1.1' ],
40 silly audit   '@napi-rs/nice-linux-arm64-musl': [ '1.1.1' ],
40 silly audit   '@napi-rs/nice-linux-ppc64-gnu': [ '1.1.1' ],
40 silly audit   '@napi-rs/nice-linux-riscv64-gnu': [ '1.1.1' ],
40 silly audit   '@napi-rs/nice-linux-s390x-gnu': [ '1.1.1' ],
40 silly audit   '@napi-rs/nice-linux-x64-gnu': [ '1.1.1' ],
40 silly audit   '@napi-rs/nice-linux-x64-musl': [ '1.1.1' ],
40 silly audit   '@napi-rs/nice-openharmony-arm64': [ '1.1.1' ],
40 silly audit   '@napi-rs/nice-win32-arm64-msvc': [ '1.1.1' ],
40 silly audit   '@napi-rs/nice-win32-ia32-msvc': [ '1.1.1' ],
40 silly audit   '@napi-rs/nice-win32-x64-msvc': [ '1.1.1' ],
40 silly audit   '@npmcli/agent': [ '4.0.0' ],
40 silly audit   'lru-cache': [ '11.2.5', '5.1.1' ],
40 silly audit   '@npmcli/fs': [ '5.0.0' ],
40 silly audit   '@npmcli/git': [ '7.0.1' ],
40 silly audit   ini: [ '6.0.0', '5.0.0' ],
40 silly audit   isexe: [ '3.1.1', '2.0.0' ],
40 silly audit   'proc-log': [ '6.1.0', '5.0.0' ],
40 silly audit   which: [ '6.0.0', '1.3.1', '2.0.2' ],
40 silly audit   '@npmcli/installed-package-contents': [ '4.0.0' ],
40 silly audit   '@npmcli/node-gyp': [ '5.0.0' ],
40 silly audit   '@npmcli/package-json': [ '7.0.4' ],
40 silly audit   glob: [ '13.0.1', '7.2.3' ],
40 silly audit   minimatch: [ '10.1.2', '3.1.2' ],
40 silly audit   '@npmcli/promise-spawn': [ '9.0.1' ],
40 silly audit   '@npmcli/redact': [ '4.0.0' ],
40 silly audit   '@npmcli/run-script': [ '10.0.3' ],
40 silly audit   '@parcel/watcher': [ '2.5.6' ],
40 silly audit   '@parcel/watcher-android-arm64': [ '2.5.6' ],
40 silly audit   '@parcel/watcher-darwin-arm64': [ '2.5.6' ],
40 silly audit   '@parcel/watcher-darwin-x64': [ '2.5.6' ],
40 silly audit   '@parcel/watcher-freebsd-x64': [ '2.5.6' ],
40 silly audit   '@parcel/watcher-linux-arm-glibc': [ '2.5.6' ],
40 silly audit   '@parcel/watcher-linux-arm-musl': [ '2.5.6' ],
40 silly audit   '@parcel/watcher-linux-arm64-glibc': [ '2.5.6' ],
40 silly audit   '@parcel/watcher-linux-arm64-musl': [ '2.5.6' ],
40 silly audit   '@parcel/watcher-linux-x64-glibc': [ '2.5.6' ],
40 silly audit   '@parcel/watcher-linux-x64-musl': [ '2.5.6' ],
40 silly audit   '@parcel/watcher-win32-arm64': [ '2.5.6' ],
40 silly audit   '@parcel/watcher-win32-ia32': [ '2.5.6' ],
40 silly audit   '@parcel/watcher-win32-x64': [ '2.5.6' ],
40 silly audit   'node-addon-api': [ '7.1.1', '6.1.0' ],
40 silly audit   '@rollup/rollup-android-arm-eabi': [ '4.52.3' ],
40 silly audit   '@rollup/rollup-android-arm64': [ '4.52.3' ],
40 silly audit   '@rollup/rollup-darwin-arm64': [ '4.52.3', '4.34.9' ],
40 silly audit   '@rollup/rollup-darwin-x64': [ '4.52.3', '4.34.9' ],
40 silly audit   '@rollup/rollup-freebsd-arm64': [ '4.52.3' ],
40 silly audit   '@rollup/rollup-freebsd-x64': [ '4.52.3' ],
40 silly audit   '@rollup/rollup-linux-arm-gnueabihf': [ '4.52.3' ],
40 silly audit   '@rollup/rollup-linux-arm-musleabihf': [ '4.52.3' ],
40 silly audit   '@rollup/rollup-linux-arm64-gnu': [ '4.52.3', '4.34.9' ],
40 silly audit   '@rollup/rollup-linux-arm64-musl': [ '4.52.3', '4.34.9' ],
40 silly audit   '@rollup/rollup-linux-loong64-gnu': [ '4.52.3' ],
40 silly audit   '@rollup/rollup-linux-ppc64-gnu': [ '4.52.3' ],
40 silly audit   '@rollup/rollup-linux-riscv64-gnu': [ '4.52.3' ],
40 silly audit   '@rollup/rollup-linux-riscv64-musl': [ '4.52.3' ],
40 silly audit   '@rollup/rollup-linux-s390x-gnu': [ '4.52.3' ],
40 silly audit   '@rollup/rollup-linux-x64-gnu': [ '4.52.3', '4.34.9' ],
40 silly audit   '@rollup/rollup-linux-x64-musl': [ '4.52.3', '4.34.9' ],
40 silly audit   '@rollup/rollup-openharmony-arm64': [ '4.52.3' ],
40 silly audit   '@rollup/rollup-win32-arm64-msvc': [ '4.52.3', '4.34.9' ],
40 silly audit   '@rollup/rollup-win32-ia32-msvc': [ '4.52.3' ],
40 silly audit   '@rollup/rollup-win32-x64-gnu': [ '4.52.3' ],
40 silly audit   '@rollup/rollup-win32-x64-msvc': [ '4.52.3', '4.34.9' ],
40 silly audit   '@rrweb/types': [ '2.1.1' ],
40 silly audit   '@rrweb/utils': [ '2.1.1' ],
40 silly audit   '@schematics/angular': [ '20.3.15' ],
40 silly audit   '@sigstore/bundle': [ '4.0.0' ],
40 silly audit   '@sigstore/core': [ '3.1.0' ],
40 silly audit   '@sigstore/protobuf-specs': [ '0.5.0' ],
40 silly audit   '@sigstore/sign': [ '4.1.0' ],
40 silly audit   '@sigstore/tuf': [ '4.0.1' ],
40 silly audit   '@sigstore/verify': [ '3.1.0' ],
40 silly audit   '@socket.io/component-emitter': [ '3.1.2' ],
40 silly audit   '@stencil/core': [ '4.38.0' ],
40 silly audit   '@tufjs/canonical-json': [ '2.0.0' ],
40 silly audit   '@tufjs/models': [ '4.1.0' ],
40 silly audit   '@types/cors': [ '2.8.19' ],
40 silly audit   '@types/crypto-js': [ '4.2.2' ],
40 silly audit   '@types/css-font-loading-module': [ '0.0.7' ],
40 silly audit   '@types/estree': [ '1.0.8' ],
40 silly audit   '@types/jasmine': [ '5.1.15' ],
40 silly audit   '@types/node': [ '25.2.0' ],
40 silly audit   '@vitejs/plugin-basic-ssl': [ '2.1.0' ],
40 silly audit   '@xstate/fsm': [ '1.6.5' ],
40 silly audit   '@yarnpkg/lockfile': [ '1.1.0' ],
40 silly audit   abbrev: [ '4.0.0' ],
40 silly audit   accepts: [ '2.0.0', '1.3.8' ],
40 silly audit   'adler-32': [ '1.3.1' ],
40 silly audit   'agent-base': [ '7.1.4' ],
40 silly audit   ajv: [ '8.17.1' ],
40 silly audit   'ajv-formats': [ '3.0.1' ],
40 silly audit   algoliasearch: [ '5.35.0' ],
40 silly audit   'ansi-escapes': [ '7.3.0' ],
40 silly audit   'ansi-regex': [ '6.2.2', '5.0.1' ],
40 silly audit   'ansi-styles': [ '6.2.3', '4.3.0' ],
40 silly audit   anymatch: [ '3.1.3' ],
40 silly audit   picomatch: [ '2.3.1', '4.0.3' ],
40 silly audit   'balanced-match': [ '1.0.2' ],
40 silly audit   'base64-arraybuffer': [ '1.0.2' ],
40 silly audit   base64id: [ '2.0.0' ],
40 silly audit   'baseline-browser-mapping': [ '2.9.19' ],
40 silly audit   beasties: [ '0.3.5' ],
40 silly audit   'binary-extensions': [ '2.3.0' ],
40 silly audit   'body-parser': [ '2.2.2', '1.20.4' ],
40 silly audit   boolbase: [ '1.0.0' ],
40 silly audit   'brace-expansion': [ '1.1.12' ],
40 silly audit   braces: [ '3.0.3' ],
40 silly audit   browserslist: [ '4.28.1' ],
40 silly audit   'buffer-from': [ '1.1.2' ],
40 silly audit   bytes: [ '3.1.2' ],
40 silly audit   cacache: [ '20.0.3' ],
40 silly audit   'call-bind-apply-helpers': [ '1.0.2' ],
40 silly audit   'call-bound': [ '1.0.4' ],
40 silly audit   'caniuse-lite': [ '1.0.30001767' ],
40 silly audit   cfb: [ '1.2.2' ],
40 silly audit   chalk: [ '5.6.2' ],
40 silly audit   chardet: [ '2.1.1' ],
40 silly audit   chokidar: [ '4.0.3', '3.6.0' ],
40 silly audit   chownr: [ '3.0.0' ],
40 silly audit   'cli-cursor': [ '5.0.0' ],
40 silly audit   'cli-spinners': [ '2.9.2' ],
40 silly audit   'cli-truncate': [ '4.0.0' ],
40 silly audit   'cli-width': [ '4.1.0' ],
40 silly audit   cliui: [ '9.0.1', '7.0.4' ],
40 silly audit   'wrap-ansi': [ '9.0.2', '7.0.0', '6.2.0' ],
40 silly audit   codepage: [ '1.15.0' ],
40 silly audit   'color-convert': [ '2.0.1' ],
40 silly audit   'color-name': [ '1.1.4' ],
40 silly audit   colorette: [ '2.0.20' ],
40 silly audit   'concat-map': [ '0.0.1' ],
40 silly audit   connect: [ '3.7.0' ],
40 silly audit   debug: [ '2.6.9', '4.4.3' ],
40 silly audit   encodeurl: [ '1.0.2', '2.0.0' ],
40 silly audit   finalhandler: [ '1.1.2', '2.1.1' ],
40 silly audit   ms: [ '2.0.0', '2.1.3' ],
40 silly audit   'on-finished': [ '2.3.0', '2.4.1' ],
40 silly audit   statuses: [ '1.5.0', '2.0.2' ],
40 silly audit   'content-disposition': [ '1.0.1' ],
40 silly audit   'content-type': [ '1.0.5' ],
40 silly audit   cookie: [ '0.7.2' ],
40 silly audit   'cookie-signature': [ '1.2.2' ],
40 silly audit   cors: [ '2.8.6' ],
40 silly audit   'crc-32': [ '1.2.2' ],
40 silly audit   'cross-spawn': [ '7.0.6' ],
40 silly audit   'crypto-js': [ '4.2.0' ],
40 silly audit   'css-select': [ '6.0.0' ],
40 silly audit   'css-what': [ '7.0.0' ],
40 silly audit   'custom-event': [ '1.0.1' ],
40 silly audit   'date-format': [ '4.0.14' ],
40 silly audit   depd: [ '2.0.0' ],
40 silly audit   destroy: [ '1.2.0' ],
40 silly audit   'detect-libc': [ '2.1.2' ],
40 silly audit   di: [ '0.0.1' ],
40 silly audit   'dom-serialize': [ '2.2.1' ],
40 silly audit   'dom-serializer': [ '2.0.0' ],
40 silly audit   domelementtype: [ '2.3.0' ],
40 silly audit   domhandler: [ '5.0.3' ],
40 silly audit   domutils: [ '3.2.2' ],
40 silly audit   'dunder-proto': [ '1.0.1' ],
40 silly audit   'ee-first': [ '1.1.1' ],
40 silly audit   'electron-to-chromium': [ '1.5.286' ],
40 silly audit   'emoji-regex': [ '10.6.0', '8.0.0' ],
40 silly audit   encoding: [ '0.1.13' ],
40 silly audit   'iconv-lite': [ '0.6.3', '0.7.2', '0.4.24' ],
40 silly audit   'engine.io': [ '6.6.5' ],
40 silly audit   'engine.io-client': [ '6.6.4' ],
40 silly audit   'engine.io-parser': [ '5.2.3' ],
40 silly audit   'mime-db': [ '1.52.0', '1.54.0' ],
40 silly audit   'mime-types': [ '2.1.35', '3.0.2' ],
40 silly audit   negotiator: [ '0.6.3', '1.0.0' ],
40 silly audit   ent: [ '2.2.2' ],
40 silly audit   entities: [ '4.5.0', '7.0.1', '6.0.1' ],
40 silly audit   'env-paths': [ '2.2.1' ],
40 silly audit   environment: [ '1.1.0' ],
40 silly audit   'err-code': [ '2.0.3' ],
40 silly audit   'es-define-property': [ '1.0.1' ],
40 silly audit   'es-errors': [ '1.3.0' ],
40 silly audit   'es-object-atoms': [ '1.1.1' ],
40 silly audit   esbuild: [ '0.25.9' ],
40 silly audit   escalade: [ '3.2.0' ],
40 silly audit   'escape-html': [ '1.0.3' ],
40 silly audit   etag: [ '1.8.1' ],
40 silly audit   eventemitter3: [ '4.0.7', '5.0.4' ],
40 silly audit   eventsource: [ '3.0.7' ],
40 silly audit   'eventsource-parser': [ '3.0.6' ],
40 silly audit   'exponential-backoff': [ '3.1.3' ],
40 silly audit   express: [ '5.2.1' ],
40 silly audit   'express-rate-limit': [ '7.5.1' ],
40 silly audit   extend: [ '3.0.2' ],
40 silly audit   'fast-deep-equal': [ '3.1.3' ],
40 silly audit   'fast-uri': [ '3.1.0' ],
40 silly audit   fdir: [ '6.5.0' ],
40 silly audit   'fill-range': [ '7.1.1' ],
40 silly audit   flatted: [ '3.3.3' ],
40 silly audit   'follow-redirects': [ '1.15.11' ],
40 silly audit   forwarded: [ '0.2.0' ],
40 silly audit   frac: [ '1.1.2' ],
40 silly audit   fresh: [ '2.0.0' ],
40 silly audit   'fs-extra': [ '8.1.0' ],
40 silly audit   'fs-minipass': [ '3.0.3' ],
40 silly audit   'fs.realpath': [ '1.0.0' ],
40 silly audit   fsevents: [ '2.3.3' ],
40 silly audit   'function-bind': [ '1.1.2' ],
40 silly audit   gensync: [ '1.0.0-beta.2' ],
40 silly audit   'get-caller-file': [ '2.0.5' ],
40 silly audit   'get-east-asian-width': [ '1.4.0' ],
40 silly audit   'get-intrinsic': [ '1.3.0' ],
40 silly audit   'get-proto': [ '1.0.1' ],
40 silly audit   'glob-parent': [ '5.1.2' ],
40 silly audit   'glob-to-regexp': [ '0.4.1' ],
40 silly audit   gopd: [ '1.2.0' ],
40 silly audit   'graceful-fs': [ '4.2.11' ],
40 silly audit   'has-flag': [ '4.0.0' ],
40 silly audit   'has-symbols': [ '1.1.0' ],
40 silly audit   'has-tostringtag': [ '1.0.2' ],
40 silly audit   hasown: [ '2.0.2' ],
40 silly audit   'hosted-git-info': [ '9.0.2' ],
40 silly audit   'html-escaper': [ '2.0.2' ],
40 silly audit   htmlparser2: [ '10.1.0' ],
40 silly audit   'http-cache-semantics': [ '4.2.0' ],
40 silly audit   'http-errors': [ '2.0.1' ],
40 silly audit   'http-proxy': [ '1.18.1' ],
40 silly audit   'http-proxy-agent': [ '7.0.2' ],
40 silly audit   'https-proxy-agent': [ '7.0.6' ],
40 silly audit   'ignore-walk': [ '8.0.0' ],
40 silly audit   immutable: [ '5.1.4' ],
40 silly audit   imurmurhash: [ '0.1.4' ],
40 silly audit   inflight: [ '1.0.6' ],
40 silly audit   inherits: [ '2.0.4' ],
40 silly audit   ionicons: [ '8.0.13' ],
40 silly audit   'ip-address': [ '10.1.0' ],
40 silly audit   'ipaddr.js': [ '1.9.1' ],
40 silly audit   'is-binary-path': [ '2.1.0' ],
40 silly audit   'is-core-module': [ '2.16.1' ],
40 silly audit   'is-extglob': [ '2.1.1' ],
40 silly audit   'is-fullwidth-code-point': [ '4.0.0', '3.0.0', '5.1.0' ],
40 silly audit   'is-glob': [ '4.0.3' ],
40 silly audit   'is-interactive': [ '2.0.0' ],
40 silly audit   'is-number': [ '7.0.0' ],
40 silly audit   'is-promise': [ '4.0.0' ],
40 silly audit   'is-regex': [ '1.2.1' ],
40 silly audit   'is-unicode-supported': [ '2.1.0', '1.3.0' ],
40 silly audit   isbinaryfile: [ '4.0.10' ],
40 silly audit   'istanbul-lib-coverage': [ '3.2.2' ],
40 silly audit   'istanbul-lib-instrument': [ '6.0.3', '5.2.1' ],
40 silly audit   'istanbul-lib-report': [ '3.0.1' ],
40 silly audit   'istanbul-lib-source-maps': [ '4.0.1' ],
40 silly audit   'source-map': [ '0.6.1', '0.7.6' ],
40 silly audit   'istanbul-reports': [ '3.2.0' ],
40 silly audit   'jasmine-core': [ '5.9.0', '4.6.1' ],
40 silly audit   jose: [ '6.1.3' ],
40 silly audit   'js-tokens': [ '4.0.0' ],
40 silly audit   jsesc: [ '3.1.0' ],
40 silly audit   'json-parse-even-better-errors': [ '5.0.0' ],
40 silly audit   'json-schema-traverse': [ '1.0.0' ],
40 silly audit   'json-schema-typed': [ '8.0.2' ],
40 silly audit   json5: [ '2.2.3' ],
40 silly audit   'jsonc-parser': [ '3.3.1' ],
40 silly audit   jsonfile: [ '4.0.0' ],
40 silly audit   jsonparse: [ '1.3.1' ],
40 silly audit   karma: [ '6.4.4' ],
40 silly audit   'karma-chrome-launcher': [ '3.2.0' ],
40 silly audit   'karma-coverage': [ '2.2.1' ],
40 silly audit   'karma-jasmine': [ '5.1.0' ],
40 silly audit   'karma-jasmine-html-reporter': [ '2.1.0' ],
40 silly audit   'media-typer': [ '0.3.0', '1.1.0' ],
40 silly audit   'raw-body': [ '2.5.3', '3.0.2' ],
40 silly audit   readdirp: [ '3.6.0', '4.1.2' ],
40 silly audit   'string-width': [ '4.2.3', '7.2.0' ],
40 silly audit   'strip-ansi': [ '6.0.1', '7.1.2' ],
40 silly audit   'type-is': [ '1.6.18', '2.0.1' ],
40 silly audit   yargs: [ '16.2.0', '18.0.0' ],
40 silly audit   'yargs-parser': [ '20.2.9', '22.0.0' ],
40 silly audit   listr2: [ '9.0.1' ],
40 silly audit   lmdb: [ '3.4.2' ],
40 silly audit   lodash: [ '4.17.23' ],
40 silly audit   'log-symbols': [ '6.0.0' ],
40 silly audit   'log-update': [ '6.1.0' ],
40 silly audit   'slice-ansi': [ '7.1.2', '5.0.0' ],
40 silly audit   log4js: [ '6.9.1' ],
40 silly audit   'magic-string': [ '0.30.17' ],
40 silly audit   'make-dir': [ '4.0.0' ],
40 silly audit   'make-fetch-happen': [ '15.0.3' ],
40 silly audit   'math-intrinsics': [ '1.1.0' ],
40 silly audit   'merge-descriptors': [ '2.0.0' ],
40 silly audit   mime: [ '2.6.0' ],
40 silly audit   'mimic-function': [ '5.0.1' ],
40 silly audit   minimist: [ '1.2.8' ],
40 silly audit   minipass: [ '7.1.2', '3.3.6' ],
40 silly audit   'minipass-collect': [ '2.0.1' ],
40 silly audit   'minipass-fetch': [ '5.0.1' ],
40 silly audit   'minipass-flush': [ '1.0.5' ],
40 silly audit   yallist: [ '4.0.0', '5.0.0', '3.1.1' ],
40 silly audit   'minipass-pipeline': [ '1.2.4' ],
40 silly audit   'minipass-sized': [ '2.0.0' ],
40 silly audit   minizlib: [ '3.1.0' ],
40 silly audit   mitt: [ '3.0.1' ],
40 silly audit   mkdirp: [ '0.5.6' ],
40 silly audit   moment: [ '2.30.1' ],
40 silly audit   mrmime: [ '2.0.1' ],
40 silly audit   msgpackr: [ '1.11.8' ],
40 silly audit   'msgpackr-extract': [ '3.0.3' ],
40 silly audit   'mute-stream': [ '2.0.0' ],
40 silly audit   nanoid: [ '3.3.11' ],
40 silly audit   'node-gyp': [ '12.2.0' ],
40 silly audit   'node-gyp-build-optional-packages': [ '5.2.2' ],
40 silly audit   'node-releases': [ '2.0.27' ],
40 silly audit   nopt: [ '9.0.0' ],
40 silly audit   'normalize-path': [ '3.0.0' ],
40 silly audit   'npm-bundled': [ '5.0.0' ],
40 silly audit   'npm-install-checks': [ '8.0.0' ],
40 silly audit   'npm-normalize-package-bin': [ '5.0.0' ],
40 silly audit   'npm-package-arg': [ '13.0.0' ],
40 silly audit   'npm-packlist': [ '10.0.3' ],
40 silly audit   'npm-pick-manifest': [ '11.0.3' ],
40 silly audit   'npm-registry-fetch': [ '19.1.1' ],
40 silly audit   'nth-check': [ '2.1.1' ],
40 silly audit   'object-assign': [ '4.1.1' ],
40 silly audit   'object-inspect': [ '1.13.4' ],
40 silly audit   once: [ '1.4.0' ],
40 silly audit   onetime: [ '7.0.0' ],
40 silly audit   ora: [ '8.2.0' ],
40 silly audit   'ordered-binary': [ '1.6.1' ],
40 silly audit   'p-map': [ '7.0.4' ],
40 silly audit   pacote: [ '21.0.4' ],
40 silly audit   parse5: [ '8.0.0' ],
40 silly audit   'parse5-html-rewriting-stream': [ '8.0.0' ],
40 silly audit   'parse5-sax-parser': [ '8.0.0' ],
40 silly audit   parseurl: [ '1.3.3' ],
40 silly audit   'path-is-absolute': [ '1.0.1' ],
40 silly audit   'path-key': [ '3.1.1' ],
40 silly audit   'path-parse': [ '1.0.7' ],
40 silly audit   'path-scurry': [ '2.0.1' ],
40 silly audit   'path-to-regexp': [ '8.3.0' ],
40 silly audit   picocolors: [ '1.1.1' ],
40 silly audit   piscina: [ '5.1.3' ],
40 silly audit   'pkce-challenge': [ '5.0.1' ],
40 silly audit   postcss: [ '8.5.6' ],
40 silly audit   'postcss-media-query-parser': [ '0.2.3' ],
40 silly audit   'promise-retry': [ '2.0.1' ],
40 silly audit   'proxy-addr': [ '2.0.7' ],
40 silly audit   punycode: [ '1.4.1' ],
40 silly audit   qjobs: [ '1.2.0' ],
40 silly audit   qs: [ '6.14.1' ],
40 silly audit   'range-parser': [ '1.2.1' ],
40 silly audit   'reflect-metadata': [ '0.2.2' ],
40 silly audit   'require-directory': [ '2.1.1' ],
40 silly audit   'require-from-string': [ '2.0.2' ],
40 silly audit   'requires-port': [ '1.0.0' ],
40 silly audit   resolve: [ '1.22.10' ],
40 silly audit   'restore-cursor': [ '5.1.0' ],
40 silly audit   retry: [ '0.12.0' ],
40 silly audit   rfdc: [ '1.4.1' ],
40 silly audit   rimraf: [ '3.0.2' ],
40 silly audit   rollup: [ '4.52.3' ],
40 silly audit   router: [ '2.2.0' ],
40 silly audit   rrdom: [ '2.1.1' ],
40 silly audit   rrweb: [ '2.1.1' ],
40 silly audit   'rrweb-snapshot': [ '2.1.1' ],
40 silly audit   rxjs: [ '7.8.2' ],
40 silly audit   'safe-regex-test': [ '1.1.0' ],
40 silly audit   'safer-buffer': [ '2.1.2' ],
40 silly audit   sass: [ '1.90.0' ],
40 silly audit   send: [ '1.2.1' ],
40 silly audit   'serve-static': [ '2.2.1' ],
40 silly audit   setprototypeof: [ '1.2.0' ],
40 silly audit   'shebang-command': [ '2.0.0' ],
40 silly audit   'shebang-regex': [ '3.0.0' ],
40 silly audit   'side-channel': [ '1.1.0' ],
40 silly audit   'side-channel-list': [ '1.0.0' ],
40 silly audit   'side-channel-map': [ '1.0.1' ],
40 silly audit   'side-channel-weakmap': [ '1.0.2' ],
40 silly audit   'signal-exit': [ '4.1.0' ],
40 silly audit   sigstore: [ '4.1.0' ],
40 silly audit   'smart-buffer': [ '4.2.0' ],
40 silly audit   'socket.io': [ '4.8.3' ],
40 silly audit   'socket.io-adapter': [ '2.5.6' ],
40 silly audit   'socket.io-client': [ '4.8.3' ],
40 silly audit   'socket.io-parser': [ '4.2.5' ],
40 silly audit   socks: [ '2.8.7' ],
40 silly audit   'socks-proxy-agent': [ '8.0.5' ],
40 silly audit   'source-map-js': [ '1.2.1' ],
40 silly audit   'source-map-support': [ '0.5.21' ],
40 silly audit   'spdx-correct': [ '3.2.0' ],
40 silly audit   'spdx-exceptions': [ '2.5.0' ],
40 silly audit   'spdx-expression-parse': [ '3.0.1' ],
40 silly audit   'spdx-license-ids': [ '3.0.22' ],
40 silly audit   ssf: [ '0.11.2' ],
40 silly audit   ssri: [ '13.0.0' ],
40 silly audit   'stdin-discarder': [ '0.2.2' ],
40 silly audit   streamroller: [ '3.1.5' ],
40 silly audit   'supports-color': [ '7.2.0' ],
40 silly audit   'supports-preserve-symlinks-flag': [ '1.0.0' ],
40 silly audit   tar: [ '7.5.7' ],
40 silly audit   tinyglobby: [ '0.2.14', '0.2.15' ],
40 silly audit   tmp: [ '0.2.5' ],
40 silly audit   'to-regex-range': [ '5.0.1' ],
40 silly audit   toidentifier: [ '1.0.1' ],
40 silly audit   tslib: [ '2.8.1' ],
40 silly audit   'tuf-js': [ '4.1.0' ],
40 silly audit   typescript: [ '5.9.3' ],
40 silly audit   'ua-parser-js': [ '0.7.41' ],
40 silly audit   'undici-types': [ '7.16.0' ],
40 silly audit   'unique-filename': [ '5.0.0' ],
40 silly audit   'unique-slug': [ '6.0.0' ],
40 silly audit   universalify: [ '0.1.2' ],
40 silly audit   unpipe: [ '1.0.0' ],
40 silly audit   'update-browserslist-db': [ '1.2.3' ],
40 silly audit   'utils-merge': [ '1.0.1' ],
40 silly audit   'validate-npm-package-license': [ '3.0.4' ],
40 silly audit   'validate-npm-package-name': [ '6.0.2' ],
40 silly audit   vary: [ '1.1.2' ],
40 silly audit   vite: [ '7.1.11' ],
40 silly audit   'void-elements': [ '2.0.1' ],
40 silly audit   watchpack: [ '2.4.4' ],
40 silly audit   'weak-lru-cache': [ '1.2.2' ],
40 silly audit   wmf: [ '1.0.2' ],
40 silly audit   word: [ '0.3.0' ],
40 silly audit   wrappy: [ '1.0.2' ],
40 silly audit   ws: [ '8.18.3' ],
40 silly audit   xlsx: [ '0.18.5' ],
40 silly audit   'xmlhttprequest-ssl': [ '2.1.2' ],
40 silly audit   y18n: [ '5.0.8' ],
40 silly audit   'yoctocolors-cjs': [ '2.1.3' ],
40 silly audit   zod: [ '4.1.13' ],
40 silly audit   'zod-to-json-schema': [ '3.25.1' ],
40 silly audit   'zone.js': [ '0.15.1' ],
40 silly audit   'rrweb-player': [ '2.1.1' ],
40 silly audit   '@rrweb/packer': [ '2.1.1' ],
40 silly audit   '@rrweb/replay': [ '2.1.1' ],
40 silly audit   '@tsconfig/svelte': [ '1.0.13' ],
40 silly audit   fflate: [ '0.4.9' ]
40 silly audit }
41 verbose reify failed optional dependency C:\Users\W10\Desktop\PROYECTO_METAS_PERU\metasperu.center\node_modules\fsevents
42 silly reify mark deleted [
42 silly reify   'C:\\Users\\W10\\Desktop\\PROYECTO_METAS_PERU\\metasperu.center\\node_modules\\fsevents'
42 silly reify ]
43 verbose reify failed optional dependency C:\Users\W10\Desktop\PROYECTO_METAS_PERU\metasperu.center\node_modules\@rollup\rollup-win32-ia32-msvc
44 silly reify mark deleted [
44 silly reify   'C:\\Users\\W10\\Desktop\\PROYECTO_METAS_PERU\\metasperu.center\\node_modules\\@rollup\\rollup-win32-ia32-msvc'
44 silly reify ]
45 verbose reify failed optional dependency C:\Users\W10\Desktop\PROYECTO_METAS_PERU\metasperu.center\node_modules\@rollup\rollup-win32-arm64-msvc
46 silly reify mark deleted [
46 silly reify   'C:\\Users\\W10\\Desktop\\PROYECTO_METAS_PERU\\metasperu.center\\node_modules\\@rollup\\rollup-win32-arm64-msvc'
46 silly reify ]
47 verbose reify failed optional dependency C:\Users\W10\Desktop\PROYECTO_METAS_PERU\metasperu.center\node_modules\@rollup\rollup-openharmony-arm64
48 silly reify mark deleted [
48 silly reify   'C:\\Users\\W10\\Desktop\\PROYECTO_METAS_PERU\\metasperu.center\\node_modules\\@rollup\\rollup-openharmony-arm64'
48 silly reify ]
49 verbose reify failed optional dependency C:\Users\W10\Desktop\PROYECTO_METAS_PERU\metasperu.center\node_modules\@rollup\rollup-linux-x64-musl
50 silly reify mark deleted [
50 silly reify   'C:\\Users\\W10\\Desktop\\PROYECTO_METAS_PERU\\metasperu.center\\node_modules\\@rollup\\rollup-linux-x64-musl'
50 silly reify ]
51 verbose reify failed optional dependency C:\Users\W10\Desktop\PROYECTO_METAS_PERU\metasperu.center\node_modules\@rollup\rollup-linux-x64-gnu
52 silly reify mark deleted [
52 silly reify   'C:\\Users\\W10\\Desktop\\PROYECTO_METAS_PERU\\metasperu.center\\node_modules\\@rollup\\rollup-linux-x64-gnu'
52 silly reify ]
53 verbose reify failed optional dependency C:\Users\W10\Desktop\PROYECTO_METAS_PERU\metasperu.center\node_modules\@rollup\rollup-linux-s390x-gnu
54 silly reify mark deleted [
54 silly reify   'C:\\Users\\W10\\Desktop\\PROYECTO_METAS_PERU\\metasperu.center\\node_modules\\@rollup\\rollup-linux-s390x-gnu'
54 silly reify ]
55 verbose reify failed optional dependency C:\Users\W10\Desktop\PROYECTO_METAS_PERU\metasperu.center\node_modules\@rollup\rollup-linux-riscv64-musl
56 silly reify mark deleted [
56 silly reify   'C:\\Users\\W10\\Desktop\\PROYECTO_METAS_PERU\\metasperu.center\\node_modules\\@rollup\\rollup-linux-riscv64-musl'
56 silly reify ]
57 verbose reify failed optional dependency C:\Users\W10\Desktop\PROYECTO_METAS_PERU\metasperu.center\node_modules\@rollup\rollup-linux-riscv64-gnu
58 silly reify mark deleted [
58 silly reify   'C:\\Users\\W10\\Desktop\\PROYECTO_METAS_PERU\\metasperu.center\\node_modules\\@rollup\\rollup-linux-riscv64-gnu'
58 silly reify ]
59 verbose reify failed optional dependency C:\Users\W10\Desktop\PROYECTO_METAS_PERU\metasperu.center\node_modules\@rollup\rollup-linux-ppc64-gnu
60 silly reify mark deleted [
60 silly reify   'C:\\Users\\W10\\Desktop\\PROYECTO_METAS_PERU\\metasperu.center\\node_modules\\@rollup\\rollup-linux-ppc64-gnu'
60 silly reify ]
61 verbose reify failed optional dependency C:\Users\W10\Desktop\PROYECTO_METAS_PERU\metasperu.center\node_modules\@rollup\rollup-linux-loong64-gnu
62 silly reify mark deleted [
62 silly reify   'C:\\Users\\W10\\Desktop\\PROYECTO_METAS_PERU\\metasperu.center\\node_modules\\@rollup\\rollup-linux-loong64-gnu'
62 silly reify ]
63 verbose reify failed optional dependency C:\Users\W10\Desktop\PROYECTO_METAS_PERU\metasperu.center\node_modules\@rollup\rollup-linux-arm64-musl
64 silly reify mark deleted [
64 silly reify   'C:\\Users\\W10\\Desktop\\PROYECTO_METAS_PERU\\metasperu.center\\node_modules\\@rollup\\rollup-linux-arm64-musl'
64 silly reify ]
65 verbose reify failed optional dependency C:\Users\W10\Desktop\PROYECTO_METAS_PERU\metasperu.center\node_modules\@rollup\rollup-linux-arm64-gnu
66 silly reify mark deleted [
66 silly reify   'C:\\Users\\W10\\Desktop\\PROYECTO_METAS_PERU\\metasperu.center\\node_modules\\@rollup\\rollup-linux-arm64-gnu'
66 silly reify ]
67 verbose reify failed optional dependency C:\Users\W10\Desktop\PROYECTO_METAS_PERU\metasperu.center\node_modules\@rollup\rollup-linux-arm-musleabihf
68 silly reify mark deleted [
68 silly reify   'C:\\Users\\W10\\Desktop\\PROYECTO_METAS_PERU\\metasperu.center\\node_modules\\@rollup\\rollup-linux-arm-musleabihf'
68 silly reify ]
69 verbose reify failed optional dependency C:\Users\W10\Desktop\PROYECTO_METAS_PERU\metasperu.center\node_modules\@rollup\rollup-linux-arm-gnueabihf
70 silly reify mark deleted [
70 silly reify   'C:\\Users\\W10\\Desktop\\PROYECTO_METAS_PERU\\metasperu.center\\node_modules\\@rollup\\rollup-linux-arm-gnueabihf'
70 silly reify ]
71 verbose reify failed optional dependency C:\Users\W10\Desktop\PROYECTO_METAS_PERU\metasperu.center\node_modules\@rollup\rollup-freebsd-x64
72 silly reify mark deleted [
72 silly reify   'C:\\Users\\W10\\Desktop\\PROYECTO_METAS_PERU\\metasperu.center\\node_modules\\@rollup\\rollup-freebsd-x64'
72 silly reify ]
73 verbose reify failed optional dependency C:\Users\W10\Desktop\PROYECTO_METAS_PERU\metasperu.center\node_modules\@rollup\rollup-freebsd-arm64
74 silly reify mark deleted [
74 silly reify   'C:\\Users\\W10\\Desktop\\PROYECTO_METAS_PERU\\metasperu.center\\node_modules\\@rollup\\rollup-freebsd-arm64'
74 silly reify ]
75 verbose reify failed optional dependency C:\Users\W10\Desktop\PROYECTO_METAS_PERU\metasperu.center\node_modules\@rollup\rollup-darwin-x64
76 silly reify mark deleted [
76 silly reify   'C:\\Users\\W10\\Desktop\\PROYECTO_METAS_PERU\\metasperu.center\\node_modules\\@rollup\\rollup-darwin-x64'
76 silly reify ]
77 verbose reify failed optional dependency C:\Users\W10\Desktop\PROYECTO_METAS_PERU\metasperu.center\node_modules\@rollup\rollup-darwin-arm64
78 silly reify mark deleted [
78 silly reify   'C:\\Users\\W10\\Desktop\\PROYECTO_METAS_PERU\\metasperu.center\\node_modules\\@rollup\\rollup-darwin-arm64'
78 silly reify ]
79 verbose reify failed optional dependency C:\Users\W10\Desktop\PROYECTO_METAS_PERU\metasperu.center\node_modules\@rollup\rollup-android-arm64
80 silly reify mark deleted [
80 silly reify   'C:\\Users\\W10\\Desktop\\PROYECTO_METAS_PERU\\metasperu.center\\node_modules\\@rollup\\rollup-android-arm64'
80 silly reify ]
81 verbose reify failed optional dependency C:\Users\W10\Desktop\PROYECTO_METAS_PERU\metasperu.center\node_modules\@rollup\rollup-android-arm-eabi
82 silly reify mark deleted [
82 silly reify   'C:\\Users\\W10\\Desktop\\PROYECTO_METAS_PERU\\metasperu.center\\node_modules\\@rollup\\rollup-android-arm-eabi'
82 silly reify ]
83 verbose reify failed optional dependency C:\Users\W10\Desktop\PROYECTO_METAS_PERU\metasperu.center\node_modules\@parcel\watcher-win32-ia32
84 silly reify mark deleted [
84 silly reify   'C:\\Users\\W10\\Desktop\\PROYECTO_METAS_PERU\\metasperu.center\\node_modules\\@parcel\\watcher-win32-ia32'
84 silly reify ]
85 verbose reify failed optional dependency C:\Users\W10\Desktop\PROYECTO_METAS_PERU\metasperu.center\node_modules\@parcel\watcher-win32-arm64
86 silly reify mark deleted [
86 silly reify   'C:\\Users\\W10\\Desktop\\PROYECTO_METAS_PERU\\metasperu.center\\node_modules\\@parcel\\watcher-win32-arm64'
86 silly reify ]
87 verbose reify failed optional dependency C:\Users\W10\Desktop\PROYECTO_METAS_PERU\metasperu.center\node_modules\@parcel\watcher-linux-x64-musl
88 silly reify mark deleted [
88 silly reify   'C:\\Users\\W10\\Desktop\\PROYECTO_METAS_PERU\\metasperu.center\\node_modules\\@parcel\\watcher-linux-x64-musl'
88 silly reify ]
89 verbose reify failed optional dependency C:\Users\W10\Desktop\PROYECTO_METAS_PERU\metasperu.center\node_modules\@parcel\watcher-linux-x64-glibc
90 silly reify mark deleted [
90 silly reify   'C:\\Users\\W10\\Desktop\\PROYECTO_METAS_PERU\\metasperu.center\\node_modules\\@parcel\\watcher-linux-x64-glibc'
90 silly reify ]
91 verbose reify failed optional dependency C:\Users\W10\Desktop\PROYECTO_METAS_PERU\metasperu.center\node_modules\@parcel\watcher-linux-arm64-musl
92 silly reify mark deleted [
92 silly reify   'C:\\Users\\W10\\Desktop\\PROYECTO_METAS_PERU\\metasperu.center\\node_modules\\@parcel\\watcher-linux-arm64-musl'
92 silly reify ]
93 verbose reify failed optional dependency C:\Users\W10\Desktop\PROYECTO_METAS_PERU\metasperu.center\node_modules\@parcel\watcher-linux-arm64-glibc
94 silly reify mark deleted [
94 silly reify   'C:\\Users\\W10\\Desktop\\PROYECTO_METAS_PERU\\metasperu.center\\node_modules\\@parcel\\watcher-linux-arm64-glibc'
94 silly reify ]
95 verbose reify failed optional dependency C:\Users\W10\Desktop\PROYECTO_METAS_PERU\metasperu.center\node_modules\@parcel\watcher-linux-arm-musl
96 silly reify mark deleted [
96 silly reify   'C:\\Users\\W10\\Desktop\\PROYECTO_METAS_PERU\\metasperu.center\\node_modules\\@parcel\\watcher-linux-arm-musl'
96 silly reify ]
97 verbose reify failed optional dependency C:\Users\W10\Desktop\PROYECTO_METAS_PERU\metasperu.center\node_modules\@parcel\watcher-linux-arm-glibc
98 silly reify mark deleted [
98 silly reify   'C:\\Users\\W10\\Desktop\\PROYECTO_METAS_PERU\\metasperu.center\\node_modules\\@parcel\\watcher-linux-arm-glibc'
98 silly reify ]
99 verbose reify failed optional dependency C:\Users\W10\Desktop\PROYECTO_METAS_PERU\metasperu.center\node_modules\@parcel\watcher-freebsd-x64
100 silly reify mark deleted [
100 silly reify   'C:\\Users\\W10\\Desktop\\PROYECTO_METAS_PERU\\metasperu.center\\node_modules\\@parcel\\watcher-freebsd-x64'
100 silly reify ]
101 verbose reify failed optional dependency C:\Users\W10\Desktop\PROYECTO_METAS_PERU\metasperu.center\node_modules\@parcel\watcher-darwin-x64
102 silly reify mark deleted [
102 silly reify   'C:\\Users\\W10\\Desktop\\PROYECTO_METAS_PERU\\metasperu.center\\node_modules\\@parcel\\watcher-darwin-x64'
102 silly reify ]
103 verbose reify failed optional dependency C:\Users\W10\Desktop\PROYECTO_METAS_PERU\metasperu.center\node_modules\@parcel\watcher-darwin-arm64
104 silly reify mark deleted [
104 silly reify   'C:\\Users\\W10\\Desktop\\PROYECTO_METAS_PERU\\metasperu.center\\node_modules\\@parcel\\watcher-darwin-arm64'
104 silly reify ]
105 verbose reify failed optional dependency C:\Users\W10\Desktop\PROYECTO_METAS_PERU\metasperu.center\node_modules\@parcel\watcher-android-arm64
106 silly reify mark deleted [
106 silly reify   'C:\\Users\\W10\\Desktop\\PROYECTO_METAS_PERU\\metasperu.center\\node_modules\\@parcel\\watcher-android-arm64'
106 silly reify ]
107 verbose reify failed optional dependency C:\Users\W10\Desktop\PROYECTO_METAS_PERU\metasperu.center\node_modules\@napi-rs\nice-win32-ia32-msvc
108 silly reify mark deleted [
108 silly reify   'C:\\Users\\W10\\Desktop\\PROYECTO_METAS_PERU\\metasperu.center\\node_modules\\@napi-rs\\nice-win32-ia32-msvc'
108 silly reify ]
109 verbose reify failed optional dependency C:\Users\W10\Desktop\PROYECTO_METAS_PERU\metasperu.center\node_modules\@napi-rs\nice-win32-arm64-msvc
110 silly reify mark deleted [
110 silly reify   'C:\\Users\\W10\\Desktop\\PROYECTO_METAS_PERU\\metasperu.center\\node_modules\\@napi-rs\\nice-win32-arm64-msvc'
110 silly reify ]
111 verbose reify failed optional dependency C:\Users\W10\Desktop\PROYECTO_METAS_PERU\metasperu.center\node_modules\@napi-rs\nice-openharmony-arm64
112 silly reify mark deleted [
112 silly reify   'C:\\Users\\W10\\Desktop\\PROYECTO_METAS_PERU\\metasperu.center\\node_modules\\@napi-rs\\nice-openharmony-arm64'
112 silly reify ]
113 verbose reify failed optional dependency C:\Users\W10\Desktop\PROYECTO_METAS_PERU\metasperu.center\node_modules\@napi-rs\nice-linux-x64-musl
114 silly reify mark deleted [
114 silly reify   'C:\\Users\\W10\\Desktop\\PROYECTO_METAS_PERU\\metasperu.center\\node_modules\\@napi-rs\\nice-linux-x64-musl'
114 silly reify ]
115 verbose reify failed optional dependency C:\Users\W10\Desktop\PROYECTO_METAS_PERU\metasperu.center\node_modules\@napi-rs\nice-linux-x64-gnu
116 silly reify mark deleted [
116 silly reify   'C:\\Users\\W10\\Desktop\\PROYECTO_METAS_PERU\\metasperu.center\\node_modules\\@napi-rs\\nice-linux-x64-gnu'
116 silly reify ]
117 verbose reify failed optional dependency C:\Users\W10\Desktop\PROYECTO_METAS_PERU\metasperu.center\node_modules\@napi-rs\nice-linux-s390x-gnu
118 silly reify mark deleted [
118 silly reify   'C:\\Users\\W10\\Desktop\\PROYECTO_METAS_PERU\\metasperu.center\\node_modules\\@napi-rs\\nice-linux-s390x-gnu'
118 silly reify ]
119 verbose reify failed optional dependency C:\Users\W10\Desktop\PROYECTO_METAS_PERU\metasperu.center\node_modules\@napi-rs\nice-linux-riscv64-gnu
120 silly reify mark deleted [
120 silly reify   'C:\\Users\\W10\\Desktop\\PROYECTO_METAS_PERU\\metasperu.center\\node_modules\\@napi-rs\\nice-linux-riscv64-gnu'
120 silly reify ]
121 verbose reify failed optional dependency C:\Users\W10\Desktop\PROYECTO_METAS_PERU\metasperu.center\node_modules\@napi-rs\nice-linux-ppc64-gnu
122 silly reify mark deleted [
122 silly reify   'C:\\Users\\W10\\Desktop\\PROYECTO_METAS_PERU\\metasperu.center\\node_modules\\@napi-rs\\nice-linux-ppc64-gnu'
122 silly reify ]
123 verbose reify failed optional dependency C:\Users\W10\Desktop\PROYECTO_METAS_PERU\metasperu.center\node_modules\@napi-rs\nice-linux-arm64-musl
124 silly reify mark deleted [
124 silly reify   'C:\\Users\\W10\\Desktop\\PROYECTO_METAS_PERU\\metasperu.center\\node_modules\\@napi-rs\\nice-linux-arm64-musl'
124 silly reify ]
125 verbose reify failed optional dependency C:\Users\W10\Desktop\PROYECTO_METAS_PERU\metasperu.center\node_modules\@napi-rs\nice-linux-arm64-gnu
126 silly reify mark deleted [
126 silly reify   'C:\\Users\\W10\\Desktop\\PROYECTO_METAS_PERU\\metasperu.center\\node_modules\\@napi-rs\\nice-linux-arm64-gnu'
126 silly reify ]
127 verbose reify failed optional dependency C:\Users\W10\Desktop\PROYECTO_METAS_PERU\metasperu.center\node_modules\@napi-rs\nice-linux-arm-gnueabihf
128 silly reify mark deleted [
128 silly reify   'C:\\Users\\W10\\Desktop\\PROYECTO_METAS_PERU\\metasperu.center\\node_modules\\@napi-rs\\nice-linux-arm-gnueabihf'
128 silly reify ]
129 verbose reify failed optional dependency C:\Users\W10\Desktop\PROYECTO_METAS_PERU\metasperu.center\node_modules\@napi-rs\nice-freebsd-x64
130 silly reify mark deleted [
130 silly reify   'C:\\Users\\W10\\Desktop\\PROYECTO_METAS_PERU\\metasperu.center\\node_modules\\@napi-rs\\nice-freebsd-x64'
130 silly reify ]
131 verbose reify failed optional dependency C:\Users\W10\Desktop\PROYECTO_METAS_PERU\metasperu.center\node_modules\@napi-rs\nice-darwin-x64
132 silly reify mark deleted [
132 silly reify   'C:\\Users\\W10\\Desktop\\PROYECTO_METAS_PERU\\metasperu.center\\node_modules\\@napi-rs\\nice-darwin-x64'
132 silly reify ]
133 verbose reify failed optional dependency C:\Users\W10\Desktop\PROYECTO_METAS_PERU\metasperu.center\node_modules\@napi-rs\nice-darwin-arm64
134 silly reify mark deleted [
134 silly reify   'C:\\Users\\W10\\Desktop\\PROYECTO_METAS_PERU\\metasperu.center\\node_modules\\@napi-rs\\nice-darwin-arm64'
134 silly reify ]
135 verbose reify failed optional dependency C:\Users\W10\Desktop\PROYECTO_METAS_PERU\metasperu.center\node_modules\@napi-rs\nice-android-arm64
136 silly reify mark deleted [
136 silly reify   'C:\\Users\\W10\\Desktop\\PROYECTO_METAS_PERU\\metasperu.center\\node_modules\\@napi-rs\\nice-android-arm64'
136 silly reify ]
137 verbose reify failed optional dependency C:\Users\W10\Desktop\PROYECTO_METAS_PERU\metasperu.center\node_modules\@napi-rs\nice-android-arm-eabi
138 silly reify mark deleted [
138 silly reify   'C:\\Users\\W10\\Desktop\\PROYECTO_METAS_PERU\\metasperu.center\\node_modules\\@napi-rs\\nice-android-arm-eabi'
138 silly reify ]
139 verbose reify failed optional dependency C:\Users\W10\Desktop\PROYECTO_METAS_PERU\metasperu.center\node_modules\@msgpackr-extract\msgpackr-extract-linux-x64
140 silly reify mark deleted [
140 silly reify   'C:\\Users\\W10\\Desktop\\PROYECTO_METAS_PERU\\metasperu.center\\node_modules\\@msgpackr-extract\\msgpackr-extract-linux-x64'
140 silly reify ]
141 verbose reify failed optional dependency C:\Users\W10\Desktop\PROYECTO_METAS_PERU\metasperu.center\node_modules\@msgpackr-extract\msgpackr-extract-linux-arm64
142 silly reify mark deleted [
142 silly reify   'C:\\Users\\W10\\Desktop\\PROYECTO_METAS_PERU\\metasperu.center\\node_modules\\@msgpackr-extract\\msgpackr-extract-linux-arm64'
142 silly reify ]
143 verbose reify failed optional dependency C:\Users\W10\Desktop\PROYECTO_METAS_PERU\metasperu.center\node_modules\@msgpackr-extract\msgpackr-extract-linux-arm
144 silly reify mark deleted [
144 silly reify   'C:\\Users\\W10\\Desktop\\PROYECTO_METAS_PERU\\metasperu.center\\node_modules\\@msgpackr-extract\\msgpackr-extract-linux-arm'
144 silly reify ]
145 verbose reify failed optional dependency C:\Users\W10\Desktop\PROYECTO_METAS_PERU\metasperu.center\node_modules\@msgpackr-extract\msgpackr-extract-darwin-x64
146 silly reify mark deleted [
146 silly reify   'C:\\Users\\W10\\Desktop\\PROYECTO_METAS_PERU\\metasperu.center\\node_modules\\@msgpackr-extract\\msgpackr-extract-darwin-x64'
146 silly reify ]
147 verbose reify failed optional dependency C:\Users\W10\Desktop\PROYECTO_METAS_PERU\metasperu.center\node_modules\@msgpackr-extract\msgpackr-extract-darwin-arm64
148 silly reify mark deleted [
148 silly reify   'C:\\Users\\W10\\Desktop\\PROYECTO_METAS_PERU\\metasperu.center\\node_modules\\@msgpackr-extract\\msgpackr-extract-darwin-arm64'
148 silly reify ]
149 verbose reify failed optional dependency C:\Users\W10\Desktop\PROYECTO_METAS_PERU\metasperu.center\node_modules\@lmdb\lmdb-win32-arm64
150 silly reify mark deleted [
150 silly reify   'C:\\Users\\W10\\Desktop\\PROYECTO_METAS_PERU\\metasperu.center\\node_modules\\@lmdb\\lmdb-win32-arm64'
150 silly reify ]
151 verbose reify failed optional dependency C:\Users\W10\Desktop\PROYECTO_METAS_PERU\metasperu.center\node_modules\@lmdb\lmdb-linux-x64
152 silly reify mark deleted [
152 silly reify   'C:\\Users\\W10\\Desktop\\PROYECTO_METAS_PERU\\metasperu.center\\node_modules\\@lmdb\\lmdb-linux-x64'
152 silly reify ]
153 verbose reify failed optional dependency C:\Users\W10\Desktop\PROYECTO_METAS_PERU\metasperu.center\node_modules\@lmdb\lmdb-linux-arm64
154 silly reify mark deleted [
154 silly reify   'C:\\Users\\W10\\Desktop\\PROYECTO_METAS_PERU\\metasperu.center\\node_modules\\@lmdb\\lmdb-linux-arm64'
154 silly reify ]
155 verbose reify failed optional dependency C:\Users\W10\Desktop\PROYECTO_METAS_PERU\metasperu.center\node_modules\@lmdb\lmdb-linux-arm
156 silly reify mark deleted [
156 silly reify   'C:\\Users\\W10\\Desktop\\PROYECTO_METAS_PERU\\metasperu.center\\node_modules\\@lmdb\\lmdb-linux-arm'
156 silly reify ]
157 verbose reify failed optional dependency C:\Users\W10\Desktop\PROYECTO_METAS_PERU\metasperu.center\node_modules\@lmdb\lmdb-darwin-x64
158 silly reify mark deleted [
158 silly reify   'C:\\Users\\W10\\Desktop\\PROYECTO_METAS_PERU\\metasperu.center\\node_modules\\@lmdb\\lmdb-darwin-x64'
158 silly reify ]
159 verbose reify failed optional dependency C:\Users\W10\Desktop\PROYECTO_METAS_PERU\metasperu.center\node_modules\@lmdb\lmdb-darwin-arm64
160 silly reify mark deleted [
160 silly reify   'C:\\Users\\W10\\Desktop\\PROYECTO_METAS_PERU\\metasperu.center\\node_modules\\@lmdb\\lmdb-darwin-arm64'
160 silly reify ]
161 verbose reify failed optional dependency C:\Users\W10\Desktop\PROYECTO_METAS_PERU\metasperu.center\node_modules\@esbuild\win32-ia32
162 silly reify mark deleted [
162 silly reify   'C:\\Users\\W10\\Desktop\\PROYECTO_METAS_PERU\\metasperu.center\\node_modules\\@esbuild\\win32-ia32'
162 silly reify ]
163 verbose reify failed optional dependency C:\Users\W10\Desktop\PROYECTO_METAS_PERU\metasperu.center\node_modules\@esbuild\win32-arm64
164 silly reify mark deleted [
164 silly reify   'C:\\Users\\W10\\Desktop\\PROYECTO_METAS_PERU\\metasperu.center\\node_modules\\@esbuild\\win32-arm64'
164 silly reify ]
165 verbose reify failed optional dependency C:\Users\W10\Desktop\PROYECTO_METAS_PERU\metasperu.center\node_modules\@esbuild\sunos-x64
166 silly reify mark deleted [
166 silly reify   'C:\\Users\\W10\\Desktop\\PROYECTO_METAS_PERU\\metasperu.center\\node_modules\\@esbuild\\sunos-x64'
166 silly reify ]
167 verbose reify failed optional dependency C:\Users\W10\Desktop\PROYECTO_METAS_PERU\metasperu.center\node_modules\@esbuild\openharmony-arm64
168 silly reify mark deleted [
168 silly reify   'C:\\Users\\W10\\Desktop\\PROYECTO_METAS_PERU\\metasperu.center\\node_modules\\@esbuild\\openharmony-arm64'
168 silly reify ]
169 verbose reify failed optional dependency C:\Users\W10\Desktop\PROYECTO_METAS_PERU\metasperu.center\node_modules\@esbuild\openbsd-x64
170 silly reify mark deleted [
170 silly reify   'C:\\Users\\W10\\Desktop\\PROYECTO_METAS_PERU\\metasperu.center\\node_modules\\@esbuild\\openbsd-x64'
170 silly reify ]
171 verbose reify failed optional dependency C:\Users\W10\Desktop\PROYECTO_METAS_PERU\metasperu.center\node_modules\@esbuild\openbsd-arm64
172 silly reify mark deleted [
172 silly reify   'C:\\Users\\W10\\Desktop\\PROYECTO_METAS_PERU\\metasperu.center\\node_modules\\@esbuild\\openbsd-arm64'
172 silly reify ]
173 verbose reify failed optional dependency C:\Users\W10\Desktop\PROYECTO_METAS_PERU\metasperu.center\node_modules\@esbuild\netbsd-x64
174 silly reify mark deleted [
174 silly reify   'C:\\Users\\W10\\Desktop\\PROYECTO_METAS_PERU\\metasperu.center\\node_modules\\@esbuild\\netbsd-x64'
174 silly reify ]
175 verbose reify failed optional dependency C:\Users\W10\Desktop\PROYECTO_METAS_PERU\metasperu.center\node_modules\@esbuild\netbsd-arm64
176 silly reify mark deleted [
176 silly reify   'C:\\Users\\W10\\Desktop\\PROYECTO_METAS_PERU\\metasperu.center\\node_modules\\@esbuild\\netbsd-arm64'
176 silly reify ]
177 verbose reify failed optional dependency C:\Users\W10\Desktop\PROYECTO_METAS_PERU\metasperu.center\node_modules\@esbuild\linux-x64
178 silly reify mark deleted [
178 silly reify   'C:\\Users\\W10\\Desktop\\PROYECTO_METAS_PERU\\metasperu.center\\node_modules\\@esbuild\\linux-x64'
178 silly reify ]
179 verbose reify failed optional dependency C:\Users\W10\Desktop\PROYECTO_METAS_PERU\metasperu.center\node_modules\@esbuild\linux-s390x
180 silly reify mark deleted [
180 silly reify   'C:\\Users\\W10\\Desktop\\PROYECTO_METAS_PERU\\metasperu.center\\node_modules\\@esbuild\\linux-s390x'
180 silly reify ]
181 verbose reify failed optional dependency C:\Users\W10\Desktop\PROYECTO_METAS_PERU\metasperu.center\node_modules\@esbuild\linux-riscv64
182 silly reify mark deleted [
182 silly reify   'C:\\Users\\W10\\Desktop\\PROYECTO_METAS_PERU\\metasperu.center\\node_modules\\@esbuild\\linux-riscv64'
182 silly reify ]
183 verbose reify failed optional dependency C:\Users\W10\Desktop\PROYECTO_METAS_PERU\metasperu.center\node_modules\@esbuild\linux-ppc64
184 silly reify mark deleted [
184 silly reify   'C:\\Users\\W10\\Desktop\\PROYECTO_METAS_PERU\\metasperu.center\\node_modules\\@esbuild\\linux-ppc64'
184 silly reify ]
185 verbose reify failed optional dependency C:\Users\W10\Desktop\PROYECTO_METAS_PERU\metasperu.center\node_modules\@esbuild\linux-mips64el
186 silly reify mark deleted [
186 silly reify   'C:\\Users\\W10\\Desktop\\PROYECTO_METAS_PERU\\metasperu.center\\node_modules\\@esbuild\\linux-mips64el'
186 silly reify ]
187 verbose reify failed optional dependency C:\Users\W10\Desktop\PROYECTO_METAS_PERU\metasperu.center\node_modules\@esbuild\linux-loong64
188 silly reify mark deleted [
188 silly reify   'C:\\Users\\W10\\Desktop\\PROYECTO_METAS_PERU\\metasperu.center\\node_modules\\@esbuild\\linux-loong64'
188 silly reify ]
189 verbose reify failed optional dependency C:\Users\W10\Desktop\PROYECTO_METAS_PERU\metasperu.center\node_modules\@esbuild\linux-ia32
190 silly reify mark deleted [
190 silly reify   'C:\\Users\\W10\\Desktop\\PROYECTO_METAS_PERU\\metasperu.center\\node_modules\\@esbuild\\linux-ia32'
190 silly reify ]
191 verbose reify failed optional dependency C:\Users\W10\Desktop\PROYECTO_METAS_PERU\metasperu.center\node_modules\@esbuild\linux-arm64
192 silly reify mark deleted [
192 silly reify   'C:\\Users\\W10\\Desktop\\PROYECTO_METAS_PERU\\metasperu.center\\node_modules\\@esbuild\\linux-arm64'
192 silly reify ]
193 verbose reify failed optional dependency C:\Users\W10\Desktop\PROYECTO_METAS_PERU\metasperu.center\node_modules\@esbuild\linux-arm
194 silly reify mark deleted [
194 silly reify   'C:\\Users\\W10\\Desktop\\PROYECTO_METAS_PERU\\metasperu.center\\node_modules\\@esbuild\\linux-arm'
194 silly reify ]
195 verbose reify failed optional dependency C:\Users\W10\Desktop\PROYECTO_METAS_PERU\metasperu.center\node_modules\@esbuild\freebsd-x64
196 silly reify mark deleted [
196 silly reify   'C:\\Users\\W10\\Desktop\\PROYECTO_METAS_PERU\\metasperu.center\\node_modules\\@esbuild\\freebsd-x64'
196 silly reify ]
197 verbose reify failed optional dependency C:\Users\W10\Desktop\PROYECTO_METAS_PERU\metasperu.center\node_modules\@esbuild\freebsd-arm64
198 silly reify mark deleted [
198 silly reify   'C:\\Users\\W10\\Desktop\\PROYECTO_METAS_PERU\\metasperu.center\\node_modules\\@esbuild\\freebsd-arm64'
198 silly reify ]
199 verbose reify failed optional dependency C:\Users\W10\Desktop\PROYECTO_METAS_PERU\metasperu.center\node_modules\@esbuild\darwin-x64
200 silly reify mark deleted [
200 silly reify   'C:\\Users\\W10\\Desktop\\PROYECTO_METAS_PERU\\metasperu.center\\node_modules\\@esbuild\\darwin-x64'
200 silly reify ]
201 verbose reify failed optional dependency C:\Users\W10\Desktop\PROYECTO_METAS_PERU\metasperu.center\node_modules\@esbuild\darwin-arm64
202 silly reify mark deleted [
202 silly reify   'C:\\Users\\W10\\Desktop\\PROYECTO_METAS_PERU\\metasperu.center\\node_modules\\@esbuild\\darwin-arm64'
202 silly reify ]
203 verbose reify failed optional dependency C:\Users\W10\Desktop\PROYECTO_METAS_PERU\metasperu.center\node_modules\@esbuild\android-x64
204 silly reify mark deleted [
204 silly reify   'C:\\Users\\W10\\Desktop\\PROYECTO_METAS_PERU\\metasperu.center\\node_modules\\@esbuild\\android-x64'
204 silly reify ]
205 verbose reify failed optional dependency C:\Users\W10\Desktop\PROYECTO_METAS_PERU\metasperu.center\node_modules\@esbuild\android-arm64
206 silly reify mark deleted [
206 silly reify   'C:\\Users\\W10\\Desktop\\PROYECTO_METAS_PERU\\metasperu.center\\node_modules\\@esbuild\\android-arm64'
206 silly reify ]
207 verbose reify failed optional dependency C:\Users\W10\Desktop\PROYECTO_METAS_PERU\metasperu.center\node_modules\@esbuild\android-arm
208 silly reify mark deleted [
208 silly reify   'C:\\Users\\W10\\Desktop\\PROYECTO_METAS_PERU\\metasperu.center\\node_modules\\@esbuild\\android-arm'
208 silly reify ]
209 verbose reify failed optional dependency C:\Users\W10\Desktop\PROYECTO_METAS_PERU\metasperu.center\node_modules\@esbuild\aix-ppc64
210 silly reify mark deleted [
210 silly reify   'C:\\Users\\W10\\Desktop\\PROYECTO_METAS_PERU\\metasperu.center\\node_modules\\@esbuild\\aix-ppc64'
210 silly reify ]
211 verbose reify failed optional dependency C:\Users\W10\Desktop\PROYECTO_METAS_PERU\metasperu.center\node_modules\@stencil\core\node_modules\@rollup\rollup-win32-arm64-msvc
212 silly reify mark deleted [
212 silly reify   'C:\\Users\\W10\\Desktop\\PROYECTO_METAS_PERU\\metasperu.center\\node_modules\\@stencil\\core\\node_modules\\@rollup\\rollup-win32-arm64-msvc'
212 silly reify ]
213 verbose reify failed optional dependency C:\Users\W10\Desktop\PROYECTO_METAS_PERU\metasperu.center\node_modules\@stencil\core\node_modules\@rollup\rollup-linux-x64-musl
214 silly reify mark deleted [
214 silly reify   'C:\\Users\\W10\\Desktop\\PROYECTO_METAS_PERU\\metasperu.center\\node_modules\\@stencil\\core\\node_modules\\@rollup\\rollup-linux-x64-musl'
214 silly reify ]
215 verbose reify failed optional dependency C:\Users\W10\Desktop\PROYECTO_METAS_PERU\metasperu.center\node_modules\@stencil\core\node_modules\@rollup\rollup-linux-x64-gnu
216 silly reify mark deleted [
216 silly reify   'C:\\Users\\W10\\Desktop\\PROYECTO_METAS_PERU\\metasperu.center\\node_modules\\@stencil\\core\\node_modules\\@rollup\\rollup-linux-x64-gnu'
216 silly reify ]
217 verbose reify failed optional dependency C:\Users\W10\Desktop\PROYECTO_METAS_PERU\metasperu.center\node_modules\@stencil\core\node_modules\@rollup\rollup-linux-arm64-musl
218 silly reify mark deleted [
218 silly reify   'C:\\Users\\W10\\Desktop\\PROYECTO_METAS_PERU\\metasperu.center\\node_modules\\@stencil\\core\\node_modules\\@rollup\\rollup-linux-arm64-musl'
218 silly reify ]
219 verbose reify failed optional dependency C:\Users\W10\Desktop\PROYECTO_METAS_PERU\metasperu.center\node_modules\@stencil\core\node_modules\@rollup\rollup-linux-arm64-gnu
220 silly reify mark deleted [
220 silly reify   'C:\\Users\\W10\\Desktop\\PROYECTO_METAS_PERU\\metasperu.center\\node_modules\\@stencil\\core\\node_modules\\@rollup\\rollup-linux-arm64-gnu'
220 silly reify ]
221 verbose reify failed optional dependency C:\Users\W10\Desktop\PROYECTO_METAS_PERU\metasperu.center\node_modules\@stencil\core\node_modules\@rollup\rollup-darwin-x64
222 silly reify mark deleted [
222 silly reify   'C:\\Users\\W10\\Desktop\\PROYECTO_METAS_PERU\\metasperu.center\\node_modules\\@stencil\\core\\node_modules\\@rollup\\rollup-darwin-x64'
222 silly reify ]
223 verbose reify failed optional dependency C:\Users\W10\Desktop\PROYECTO_METAS_PERU\metasperu.center\node_modules\@stencil\core\node_modules\@rollup\rollup-darwin-arm64
224 silly reify mark deleted [
224 silly reify   'C:\\Users\\W10\\Desktop\\PROYECTO_METAS_PERU\\metasperu.center\\node_modules\\@stencil\\core\\node_modules\\@rollup\\rollup-darwin-arm64'
224 silly reify ]
225 http cache fflate@https://registry.npmjs.org/fflate/-/fflate-0.4.9.tgz 0ms (cache hit)
226 http cache @tsconfig/svelte@https://registry.npmjs.org/@tsconfig/svelte/-/svelte-1.0.13.tgz 0ms (cache hit)
227 http cache rrweb-player@https://registry.npmjs.org/rrweb-player/-/rrweb-player-2.1.1.tgz 0ms (cache hit)
228 silly tarball no local data for fflate@https://registry.npmjs.org/fflate/-/fflate-0.4.9.tgz. Extracting by manifest.
229 silly tarball no local data for @tsconfig/svelte@https://registry.npmjs.org/@tsconfig/svelte/-/svelte-1.0.13.tgz. Extracting by manifest.
230 http cache @rrweb/replay@https://registry.npmjs.org/@rrweb/replay/-/replay-2.1.1.tgz 0ms (cache hit)
231 silly tarball no local data for rrweb-player@https://registry.npmjs.org/rrweb-player/-/rrweb-player-2.1.1.tgz. Extracting by manifest.
232 http cache @rrweb/packer@https://registry.npmjs.org/@rrweb/packer/-/packer-2.1.1.tgz 0ms (cache hit)
233 silly tarball no local data for @rrweb/replay@https://registry.npmjs.org/@rrweb/replay/-/replay-2.1.1.tgz. Extracting by manifest.
234 silly tarball no local data for @rrweb/packer@https://registry.npmjs.org/@rrweb/packer/-/packer-2.1.1.tgz. Extracting by manifest.
235 http fetch GET 200 https://registry.npmjs.org/fflate/-/fflate-0.4.9.tgz 185ms (cache miss)
236 http fetch POST 200 https://registry.npmjs.org/-/npm/v1/security/advisories/bulk 220ms
237 silly audit report {
237 silly audit report   '@angular/common': [
237 silly audit report     {
237 silly audit report       id: 1123498,
237 silly audit report       url: 'https://github.com/advisories/GHSA-48r7-hpm6-gfxm',
237 silly audit report       title: '@angular/common: Denial of Service (DoS) via OOM in Date Formatting (formatDate)',
237 silly audit report       severity: 'high',
237 silly audit report       vulnerable_versions: '>=20.0.0-next.0 <20.3.25',
237 silly audit report       cwe: [Array],
237 silly audit report       cvss: [Object]
237 silly audit report     },
237 silly audit report     {
237 silly audit report       id: 1123502,
237 silly audit report       url: 'https://github.com/advisories/GHSA-39pv-4j6c-2g6v',
237 silly audit report       title: '@angular/common: Weak 32-Bit Cache Key Hashing in `HttpTransferCache` Leading to Cross-Request Data Leakage and State Poisoning',
237 silly audit report       severity: 'high',
237 silly audit report       vulnerable_versions: '>=20.0.0-next.0 <20.3.25',
237 silly audit report       cwe: [Array],
237 silly audit report       cvss: [Object]
237 silly audit report     },
237 silly audit report     {
237 silly audit report       id: 1123538,
237 silly audit report       url: 'https://github.com/advisories/GHSA-p3vc-36g9-x9gr',
237 silly audit report       title: '@angular/common: Denial of Service (DoS) via OOM in Number Formatting (digitsInfo)',
237 silly audit report       severity: 'high',
237 silly audit report       vulnerable_versions: '>=20.0.0-next.0 <20.3.22',
237 silly audit report       cwe: [Array],
237 silly audit report       cvss: [Object]
237 silly audit report     },
237 silly audit report     {
237 silly audit report       id: 1123543,
237 silly audit report       url: 'https://github.com/advisories/GHSA-q6f4-qqrg-jv6x',
237 silly audit report       title: '@angular/common: Information Leak via Default Caching of Credentialed Requests in HttpTransferCache',
237 silly audit report       severity: 'high',
237 silly audit report       vulnerable_versions: '>=20.0.0-next.0 <20.3.22',
237 silly audit report       cwe: [Array],
237 silly audit report       cvss: [Object]
237 silly audit report     }
237 silly audit report   ],
237 silly audit report   '@angular/compiler': [
237 silly audit report     {
237 silly audit report       id: 1117736,
237 silly audit report       url: 'https://github.com/advisories/GHSA-g93w-mfhg-p222',
237 silly audit report       title: 'Angular vulnerable to XSS in i18n attribute bindings',
237 silly audit report       severity: 'high',
237 silly audit report       vulnerable_versions: '>=20.0.0-next.0.0.0 <20.3.18',
237 silly audit report       cwe: [Array],
237 silly audit report       cvss: [Object]
237 silly audit report     },
237 silly audit report     {
237 silly audit report       id: 1123506,
237 silly audit report       url: 'https://github.com/advisories/GHSA-58w9-8g37-x9v5',
237 silly audit report       title: '@angular/compiler: Two-Way Property Binding Sanitization Bypass (XSS)',
237 silly audit report       severity: 'moderate',
237 silly audit report       vulnerable_versions: '>=20.0.0-next.0 <20.3.25',
237 silly audit report       cwe: [Array],
237 silly audit report       cvss: [Object]
237 silly audit report     },
237 silly audit report     {
237 silly audit report       id: 1123511,
237 silly audit report       url: 'https://github.com/advisories/GHSA-f3m7-gqxr-g87x',
237 silly audit report       title: 'Angular: Template and Attribute Namespace Sanitization Bypass (XSS)',
237 silly audit report       severity: 'moderate',
237 silly audit report       vulnerable_versions: '>=20.0.0-next.0 <20.3.22',
237 silly audit report       cwe: [Array],
237 silly audit report       cvss: [Object]
237 silly audit report     }
237 silly audit report   ],
237 silly audit report   '@angular/core': [
237 silly audit report     {
237 silly audit report       id: 1113589,
237 silly audit report       url: 'https://github.com/advisories/GHSA-prjf-86w9-mfqv',
237 silly audit report       title: 'Angular i18n vulnerable to Cross-Site Scripting',
237 silly audit report       severity: 'high',
237 silly audit report       vulnerable_versions: '>=20.0.0-next.0 <=20.3.16',
237 silly audit report       cwe: [Array],
237 silly audit report       cvss: [Object]
237 silly audit report     },
237 silly audit report     {
237 silly audit report       id: 1117739,
237 silly audit report       url: 'https://github.com/advisories/GHSA-g93w-mfhg-p222',
237 silly audit report       title: 'Angular vulnerable to XSS in i18n attribute bindings',
237 silly audit report       severity: 'high',
237 silly audit report       vulnerable_versions: '>=20.0.0-next.0.0.0 <20.3.18',
237 silly audit report       cwe: [Array],
237 silly audit report       cvss: [Object]
237 silly audit report     },
237 silly audit report     {
237 silly audit report       id: 1123516,
237 silly audit report       url: 'https://github.com/advisories/GHSA-f3m7-gqxr-g87x',
237 silly audit report       title: 'Angular: Template and Attribute Namespace Sanitization Bypass (XSS)',
237 silly audit report       severity: 'moderate',
237 silly audit report       vulnerable_versions: '>=20.0.0-next.0 <20.3.22',
237 silly audit report       cwe: [Array],
237 silly audit report       cvss: [Object]
237 silly audit report     },
237 silly audit report     {
237 silly audit report       id: 1123545,
237 silly audit report       url: 'https://github.com/advisories/GHSA-692r-grfm-v8x7',
237 silly audit report       title: '@angular/core: Angular Template and Dynamic Component Namespace Bypass leading to Cross-Site Scripting (XSS)',
237 silly audit report       severity: 'moderate',
237 silly audit report       vulnerable_versions: '>=20.0.0-next.0 <20.3.22',
237 silly audit report       cwe: [Array],
237 silly audit report       cvss: [Object]
237 silly audit report     },
237 silly audit report     {
237 silly audit report       id: 1123561,
237 silly audit report       url: 'https://github.com/advisories/GHSA-rgjc-h3x7-9mwg',
237 silly audit report       title: 'Angular Client Hydration DOM Clobbering & Response-Cache Poisoning',
237 silly audit report       severity: 'high',
237 silly audit report       vulnerable_versions: '>=20.0.0-next.0 <20.3.25',
237 silly audit report       cwe: [Array],
237 silly audit report       cvss: [Object]
237 silly audit report     }
237 silly audit report   ],
237 silly audit report   '@angular/service-worker': [
237 silly audit report     {
237 silly audit report       id: 1123494,
237 silly audit report       url: 'https://github.com/advisories/GHSA-qxh6-94w6-9r5p',
237 silly audit report       title: '@angular/service-worker: Sensitive Header Leakage on Cross-Origin Redirects in Angular Service Worker',
237 silly audit report       severity: 'high',
237 silly audit report       vulnerable_versions: '>=20.0.0-next.0 <20.3.25',
237 silly audit report       cwe: [Array],
237 silly audit report       cvss: [Object]
237 silly audit report     },
237 silly audit report     {
237 silly audit report       id: 1123532,
237 silly audit report       url: 'https://github.com/advisories/GHSA-95qp-cmmw-mgqv',
237 silly audit report       title: '@angular/service-worker: Request Credential & Cache Policy Stripping',
237 silly audit report       severity: 'moderate',
237 silly audit report       vulnerable_versions: '>=20.0.0-next.0 <20.3.22',
237 silly audit report       cwe: [Array],
237 silly audit report       cvss: [Object]
237 silly audit report     },
237 silly audit report     {
237 silly audit report       id: 1123553,
237 silly audit report       url: 'https://github.com/advisories/GHSA-gv2q-mqqv-365m',
237 silly audit report       title: 'Angular Service Worker Policy-Bypass & Credential-Stripping Vulnerabilities',
237 silly audit report       severity: 'moderate',
237 silly audit report       vulnerable_versions: '>=20.0.0-next.0 <20.3.22',
237 silly audit report       cwe: [Array],
237 silly audit report       cvss: [Object]
237 silly audit report     }
237 silly audit report   ],
237 silly audit report   '@babel/core': [
237 silly audit report     {
237 silly audit report       id: 1123528,
237 silly audit report       url: 'https://github.com/advisories/GHSA-4x5r-pxfx-6jf8',
237 silly audit report       title: '@babel/core: Arbitrary File Read via sourceMappingURL Comment',
237 silly audit report       severity: 'low',
237 silly audit report       vulnerable_versions: '<=7.29.0',
237 silly audit report       cwe: [Array],
237 silly audit report       cvss: [Object]
237 silly audit report     }
237 silly audit report   ],
237 silly audit report   '@hono/node-server': [
237 silly audit report     {
237 silly audit report       id: 1114170,
237 silly audit report       url: 'https://github.com/advisories/GHSA-wc8c-qw6v-h7f6',
237 silly audit report       title: '@hono/node-server has authorization bypass for protected static paths via encoded slashes in Serve Static Middleware',
237 silly audit report       severity: 'high',
237 silly audit report       vulnerable_versions: '<1.19.10',
237 silly audit report       cwe: [Array],
237 silly audit report       cvss: [Object]
237 silly audit report     },
237 silly audit report     {
237 silly audit report       id: 1116281,
237 silly audit report       url: 'https://github.com/advisories/GHSA-92pp-h63x-v22m',
237 silly audit report       title: '@hono/node-server: Middleware bypass via repeated slashes in serveStatic',
237 silly audit report       severity: 'moderate',
237 silly audit report       vulnerable_versions: '<1.19.13',
237 silly audit report       cwe: [Array],
237 silly audit report       cvss: [Object]
237 silly audit report     },
237 silly audit report     {
237 silly audit report       id: 1124006,
237 silly audit report       url: 'https://github.com/advisories/GHSA-frvp-7c67-39w9',
237 silly audit report       title: 'Node.js Adapter for Hono: Path traversal in `serve-static` on Windows via encoded backslash (`%5C`)',
237 silly audit report       severity: 'moderate',
237 silly audit report       vulnerable_versions: '<2.0.5',
237 silly audit report       cwe: [Array],
237 silly audit report       cvss: [Object]
237 silly audit report     }
237 silly audit report   ],
237 silly audit report   '@modelcontextprotocol/sdk': [
237 silly audit report     {
237 silly audit report       id: 1113080,
237 silly audit report       url: 'https://github.com/advisories/GHSA-345p-7cg4-v4c7',
237 silly audit report       title: '@modelcontextprotocol/sdk has cross-client data leak via shared server/transport instance reuse',
237 silly audit report       severity: 'high',
237 silly audit report       vulnerable_versions: '>=1.10.0 <=1.25.3',
237 silly audit report       cwe: [Array],
237 silly audit report       cvss: [Object]
237 silly audit report     }
237 silly audit report   ],
237 silly audit report   minimatch: [
237 silly audit report     {
237 silly audit report       id: 1113459,
237 silly audit report       url: 'https://github.com/advisories/GHSA-3ppc-4f35-3m26',
237 silly audit report       title: 'minimatch has a ReDoS via repeated wildcards with non-matching literal in pattern',
237 silly audit report       severity: 'high',
237 silly audit report       vulnerable_versions: '<3.1.3',
237 silly audit report       cwe: [Array],
237 silly audit report       cvss: [Object]
237 silly audit report     },
237 silly audit report     {
237 silly audit report       id: 1113466,
237 silly audit report       url: 'https://github.com/advisories/GHSA-3ppc-4f35-3m26',
237 silly audit report       title: 'minimatch has a ReDoS via repeated wildcards with non-matching literal in pattern',
237 silly audit report       severity: 'high',
237 silly audit report       vulnerable_versions: '>=10.0.0 <10.2.1',
237 silly audit report       cwe: [Array],
237 silly audit report       cvss: [Object]
237 silly audit report     },
237 silly audit report     {
237 silly audit report       id: 1113538,
237 silly audit report       url: 'https://github.com/advisories/GHSA-7r86-cg39-jmmj',
237 silly audit report       title: 'minimatch has ReDoS: matchOne() combinatorial backtracking via multiple non-adjacent GLOBSTAR segments',
237 silly audit report       severity: 'high',
237 silly audit report       vulnerable_versions: '<3.1.3',
237 silly audit report       cwe: [Array],
237 silly audit report       cvss: [Object]
237 silly audit report     },
237 silly audit report     {
237 silly audit report       id: 1113545,
237 silly audit report       url: 'https://github.com/advisories/GHSA-7r86-cg39-jmmj',
237 silly audit report       title: 'minimatch has ReDoS: matchOne() combinatorial backtracking via multiple non-adjacent GLOBSTAR segments',
237 silly audit report       severity: 'high',
237 silly audit report       vulnerable_versions: '>=10.0.0 <10.2.3',
237 silly audit report       cwe: [Array],
237 silly audit report       cvss: [Object]
237 silly audit report     },
237 silly audit report     {
237 silly audit report       id: 1113546,
237 silly audit report       url: 'https://github.com/advisories/GHSA-23c5-xmqv-rm74',
237 silly audit report       title: 'minimatch ReDoS: nested *() extglobs generate catastrophically backtracking regular expressions',
237 silly audit report       severity: 'high',
237 silly audit report       vulnerable_versions: '<3.1.4',
237 silly audit report       cwe: [Array],
237 silly audit report       cvss: [Object]
237 silly audit report     },
237 silly audit report     {
237 silly audit report       id: 1113553,
237 silly audit report       url: 'https://github.com/advisories/GHSA-23c5-xmqv-rm74',
237 silly audit report       title: 'minimatch ReDoS: nested *() extglobs generate catastrophically backtracking regular expressions',
237 silly audit report       severity: 'high',
237 silly audit report       vulnerable_versions: '>=10.0.0 <10.2.3',
237 silly audit report       cwe: [Array],
237 silly audit report       cvss: [Object]
237 silly audit report     }
237 silly audit report   ],
237 silly audit report   '@sigstore/core': [
237 silly audit report     {
237 silly audit report       id: 1121792,
237 silly audit report       url: 'https://github.com/advisories/GHSA-jfc7-64v2-mr8c',
237 silly audit report       title: '@sigstore/core has DSSE payloadType type-binding failure',
237 silly audit report       severity: 'moderate',
237 silly audit report       vulnerable_versions: '<=3.2.0',
237 silly audit report       cwe: [Array],
237 silly audit report       cvss: [Object]
237 silly audit report     }
237 silly audit report   ],
237 silly audit report   '@sigstore/verify': [
237 silly audit report     {
237 silly audit report       id: 1122164,
237 silly audit report       url: 'https://github.com/advisories/GHSA-xgjw-pm74-86q4',
237 silly audit report       title: 'sigstore-js has Insufficient Verification of Data Authenticity',
237 silly audit report       severity: 'moderate',
237 silly audit report       vulnerable_versions: '=3.1.0',
237 silly audit report       cwe: [Array],
237 silly audit report       cvss: [Object]
237 silly audit report     }
237 silly audit report   ],
237 silly audit report   ajv: [
237 silly audit report     {
237 silly audit report       id: 1113715,
237 silly audit report       url: 'https://github.com/advisories/GHSA-2g4f-4pwh-qvx6',
237 silly audit report       title: 'ajv has ReDoS when using `$data` option',
237 silly audit report       severity: 'moderate',
237 silly audit report       vulnerable_versions: '>=7.0.0-alpha.0 <8.18.0',
237 silly audit report       cwe: [Array],
237 silly audit report       cvss: [Object]
237 silly audit report     }
237 silly audit report   ],
237 silly audit report   picomatch: [
237 silly audit report     {
237 silly audit report       id: 1115549,
237 silly audit report       url: 'https://github.com/advisories/GHSA-3v7f-55p6-f55p',
237 silly audit report       title: 'Picomatch: Method Injection in POSIX Character Classes causes incorrect Glob Matching',
237 silly audit report       severity: 'moderate',
237 silly audit report       vulnerable_versions: '<2.3.2',
237 silly audit report       cwe: [Array],
237 silly audit report       cvss: [Object]
237 silly audit report     },
237 silly audit report     {
237 silly audit report       id: 1115551,
237 silly audit report       url: 'https://github.com/advisories/GHSA-3v7f-55p6-f55p',
237 silly audit report       title: 'Picomatch: Method Injection in POSIX Character Classes causes incorrect Glob Matching',
237 silly audit report       severity: 'moderate',
237 silly audit report       vulnerable_versions: '>=4.0.0 <4.0.4',
237 silly audit report       cwe: [Array],
237 silly audit report       cvss: [Object]
237 silly audit report     },
237 silly audit report     {
237 silly audit report       id: 1115552,
237 silly audit report       url: 'https://github.com/advisories/GHSA-c2c7-rcm5-vvqj',
237 silly audit report       title: 'Picomatch has a ReDoS vulnerability via extglob quantifiers',
237 silly audit report       severity: 'high',
237 silly audit report       vulnerable_versions: '<2.3.2',
237 silly audit report       cwe: [Array],
237 silly audit report       cvss: [Object]
237 silly audit report     },
237 silly audit report     {
237 silly audit report       id: 1115554,
237 silly audit report       url: 'https://github.com/advisories/GHSA-c2c7-rcm5-vvqj',
237 silly audit report       title: 'Picomatch has a ReDoS vulnerability via extglob quantifiers',
237 silly audit report       severity: 'high',
237 silly audit report       vulnerable_versions: '>=4.0.0 <4.0.4',
237 silly audit report       cwe: [Array],
237 silly audit report       cvss: [Object]
237 silly audit report     }
237 silly audit report   ],
237 silly audit report   'body-parser': [
237 silly audit report     {
237 silly audit report       id: 1123976,
237 silly audit report       url: 'https://github.com/advisories/GHSA-v422-hmwv-36x6',
237 silly audit report       title: 'body-parser vulnerable to denial of service when invalid limit value silently disables size enforcement',
237 silly audit report       severity: 'low',
237 silly audit report       vulnerable_versions: '>=2.0.0 <2.3.0',
237 silly audit report       cwe: [Array],
237 silly audit report       cvss: [Object]
237 silly audit report     },
237 silly audit report     {
237 silly audit report       id: 1123977,
237 silly audit report       url: 'https://github.com/advisories/GHSA-v422-hmwv-36x6',
237 silly audit report       title: 'body-parser vulnerable to denial of service when invalid limit value silently disables size enforcement',
237 silly audit report       severity: 'low',
237 silly audit report       vulnerable_versions: '<1.20.6',
237 silly audit report       cwe: [Array],
237 silly audit report       cvss: [Object]
237 silly audit report     }
237 silly audit report   ],
237 silly audit report   'brace-expansion': [
237 silly audit report     {
237 silly audit report       id: 1115540,
237 silly audit report       url: 'https://github.com/advisories/GHSA-f886-m6hf-6m8v',
237 silly audit report       title: 'brace-expansion: Zero-step sequence causes process hang and memory exhaustion',
237 silly audit report       severity: 'moderate',
237 silly audit report       vulnerable_versions: '<1.1.13',
237 silly audit report       cwe: [Array],
237 silly audit report       cvss: [Object]
237 silly audit report     },
237 silly audit report     {
237 silly audit report       id: 1123897,
237 silly audit report       url: 'https://github.com/advisories/GHSA-3jxr-9vmj-r5cp',
237 silly audit report       title: 'brace-expansion: DoS via exponential-time expansion of consecutive non-expanding {} groups',
237 silly audit report       severity: 'high',
237 silly audit report       vulnerable_versions: '<1.1.16',
237 silly audit report       cwe: [Array],
237 silly audit report       cvss: [Object]
237 silly audit report     }
237 silly audit report   ],
237 silly audit report   'engine.io': [
237 silly audit report     {
237 silly audit report       id: 1123943,
237 silly audit report       url: 'https://github.com/advisories/GHSA-r635-g3xr-vw7x',
237 silly audit report       title: 'Socket.IO: Engine.IO Polling Transport Connection Exhaustion',
237 silly audit report       severity: 'high',
237 silly audit report       vulnerable_versions: '>=4.1.0 <6.6.7',
237 silly audit report       cwe: [Array],
237 silly audit report       cvss: [Object]
237 silly audit report     }
237 silly audit report   ],
237 silly audit report   'fast-uri': [
237 silly audit report     {
237 silly audit report       id: 1117884,
237 silly audit report       url: 'https://github.com/advisories/GHSA-v39h-62p7-jpjc',
237 silly audit report       title: 'fast-uri vulnerable to host confusion via percent-encoded authority delimiters',
237 silly audit report       severity: 'high',
237 silly audit report       vulnerable_versions: '<=3.1.1',
237 silly audit report       cwe: [Array],
237 silly audit report       cvss: [Object]
237 silly audit report     },
237 silly audit report     {
237 silly audit report       id: 1117870,
237 silly audit report       url: 'https://github.com/advisories/GHSA-q3j6-qgpj-74h6',
237 silly audit report       title: 'fast-uri vulnerable to path traversal via percent-encoded dot segments',
237 silly audit report       severity: 'high',
237 silly audit report       vulnerable_versions: '<=3.1.0',
237 silly audit report       cwe: [Array],
237 silly audit report       cvss: [Object]
237 silly audit report     },
237 silly audit report     {
237 silly audit report       id: 1124064,
237 silly audit report       url: 'https://github.com/advisories/GHSA-v2hh-gcrm-f6hx',
237 silly audit report       title: 'fast-uri vulnerable to host confusion via literal backslash authority delimiter',
237 silly audit report       severity: 'high',
237 silly audit report       vulnerable_versions: '>=3.0.0 <=3.1.3',
237 silly audit report       cwe: [Array],
237 silly audit report       cvss: [Object]
237 silly audit report     },
237 silly audit report     {
237 silly audit report       id: 1124231,
237 silly audit report       url: 'https://github.com/advisories/GHSA-4c8g-83qw-93j6',
237 silly audit report       title: 'fast-uri vulnerable to host confusion via failed IDN canonicalization',
237 silly audit report       severity: 'high',
237 silly audit report       vulnerable_versions: '>=3.0.0 <3.1.3',
237 silly audit report       cwe: [Array],
237 silly audit report       cvss: [Object]
237 silly audit report     }
237 silly audit report   ],
237 silly audit report   flatted: [
237 silly audit report     {
237 silly audit report       id: 1114526,
237 silly audit report       url: 'https://github.com/advisories/GHSA-25h7-pfq9-p65f',
237 silly audit report       title: 'flatted vulnerable to unbounded recursion DoS in parse() revive phase',
237 silly audit report       severity: 'high',
237 silly audit report       vulnerable_versions: '<3.4.0',
237 silly audit report       cwe: [Array],
237 silly audit report       cvss: [Object]
237 silly audit report     },
237 silly audit report     {
237 silly audit report       id: 1115357,
237 silly audit report       url: 'https://github.com/advisories/GHSA-rf6f-7fwh-wjgh',
237 silly audit report       title: 'Prototype Pollution via parse() in NodeJS flatted',
237 silly audit report       severity: 'high',
237 silly audit report       vulnerable_versions: '<=3.4.1',
237 silly audit report       cwe: [Array],
237 silly audit report       cvss: [Object]
237 silly audit report     }
237 silly audit report   ],
237 silly audit report   'follow-redirects': [
237 silly audit report     {
237 silly audit report       id: 1116560,
237 silly audit report       url: 'https://github.com/advisories/GHSA-r4q5-vmmm-2653',
237 silly audit report       title: 'follow-redirects leaks Custom Authentication Headers to Cross-Domain Redirect Targets',
237 silly audit report       severity: 'moderate',
237 silly audit report       vulnerable_versions: '<=1.15.11',
237 silly audit report       cwe: [Array],
237 silly audit report       cvss: [Object]
237 silly audit report     }
237 silly audit report   ],
237 silly audit report   immutable: [
237 silly audit report     {
237 silly audit report       id: 1117068,
237 silly audit report       url: 'https://github.com/advisories/GHSA-wf6x-7x77-mvgw',
237 silly audit report       title: 'Immutable is vulnerable to Prototype Pollution',
237 silly audit report       severity: 'high',
237 silly audit report       vulnerable_versions: '>=5.0.0 <5.1.5',
237 silly audit report       cwe: [Array],
237 silly audit report       cvss: [Object]
237 silly audit report     },
237 silly audit report     {
237 silly audit report       id: 1124007,
237 silly audit report       url: 'https://github.com/advisories/GHSA-v56q-mh7h-f735',
237 silly audit report       title: 'Immutable.js `List` 32-bit trie overflow → unrecoverable DoS',
237 silly audit report       severity: 'high',
237 silly audit report       vulnerable_versions: '>=5.0.0-beta.1 <5.1.8',
237 silly audit report       cwe: [Array],
237 silly audit report       cvss: [Object]
237 silly audit report     },
237 silly audit report     {
237 silly audit report       id: 1124017,
237 silly audit report       url: 'https://github.com/advisories/GHSA-xvcm-6775-5m9r',
237 silly audit report       title: 'Immutabl: Hash-collision algorithmic complexity denial of service in Immutable.Map/Set',
237 silly audit report       severity: 'high',
237 silly audit report       vulnerable_versions: '>=5.0.0-beta.1 <5.1.8',
237 silly audit report       cwe: [Array],
237 silly audit report       cvss: [Object]
237 silly audit report     }
237 silly audit report   ],
237 silly audit report   'ip-address': [
237 silly audit report     {
237 silly audit report       id: 1118827,
237 silly audit report       url: 'https://github.com/advisories/GHSA-v2v4-37r5-5v8g',
237 silly audit report       title: 'ip-address has XSS in Address6 HTML-emitting methods',
237 silly audit report       severity: 'moderate',
237 silly audit report       vulnerable_versions: '<=10.1.0',
237 silly audit report       cwe: [Array],
237 silly audit report       cvss: [Object]
237 silly audit report     }
237 silly audit report   ],
237 silly audit report   lodash: [
237 silly audit report     {
237 silly audit report       id: 1115806,
237 silly audit report       url: 'https://github.com/advisories/GHSA-r5fr-rjxr-66jc',
237 silly audit report       title: 'lodash vulnerable to Code Injection via `_.template` imports key names',
237 silly audit report       severity: 'high',
237 silly audit report       vulnerable_versions: '>=4.0.0 <=4.17.23',
237 silly audit report       cwe: [Array],
237 silly audit report       cvss: [Object]
237 silly audit report     },
237 silly audit report     {
237 silly audit report       id: 1115810,
237 silly audit report       url: 'https://github.com/advisories/GHSA-f23m-r3pf-42rh',
237 silly audit report       title: 'lodash vulnerable to Prototype Pollution via array path bypass in `_.unset` and `_.omit`',
237 silly audit report       severity: 'moderate',
237 silly audit report       vulnerable_versions: '<=4.17.23',
237 silly audit report       cwe: [Array],
237 silly audit report       cvss: [Object]
237 silly audit report     }
237 silly audit report   ],
237 silly audit report   'path-to-regexp': [
237 silly audit report     {
237 silly audit report       id: 1115573,
237 silly audit report       url: 'https://github.com/advisories/GHSA-j3q9-mxjg-w52f',
237 silly audit report       title: 'path-to-regexp vulnerable to Denial of Service via sequential optional groups',
237 silly audit report       severity: 'high',
237 silly audit report       vulnerable_versions: '>=8.0.0 <8.4.0',
237 silly audit report       cwe: [Array],
237 silly audit report       cvss: [Object]
237 silly audit report     },
237 silly audit report     {
237 silly audit report       id: 1115582,
237 silly audit report       url: 'https://github.com/advisories/GHSA-27v5-c462-wpq7',
237 silly audit report       title: 'path-to-regexp vulnerable to Regular Expression Denial of Service via multiple wildcards',
237 silly audit report       severity: 'moderate',
237 silly audit report       vulnerable_versions: '>=8.0.0 <8.4.0',
237 silly audit report       cwe: [Array],
237 silly audit report       cvss: [Object]
237 silly audit report     }
237 silly audit report   ],
237 silly audit report   piscina: [
237 silly audit report     {
237 silly audit report       id: 1121168,
237 silly audit report       url: 'https://github.com/advisories/GHSA-x9g3-xrwr-cwfg',
237 silly audit report       title: 'piscina: Prototype Pollution Gadget → RCE via inherited options.filename',
237 silly audit report       severity: 'high',
237 silly audit report       vulnerable_versions: '>=5.0.0-alpha.0 <=5.1.4',
237 silly audit report       cwe: [Array],
237 silly audit report       cvss: [Object]
237 silly audit report     }
237 silly audit report   ],
237 silly audit report   postcss: [
237 silly audit report     {
237 silly audit report       id: 1117015,
237 silly audit report       url: 'https://github.com/advisories/GHSA-qx2v-qp2m-jg93',
237 silly audit report       title: 'PostCSS has XSS via Unescaped </style> in its CSS Stringify Output',
237 silly audit report       severity: 'moderate',
237 silly audit report       vulnerable_versions: '<8.5.10',
237 silly audit report       cwe: [Array],
237 silly audit report       cvss: [Object]
237 silly audit report     },
237 silly audit report     {
237 silly audit report       id: 1124252,
237 silly audit report       url: 'https://github.com/advisories/GHSA-6g55-p6wh-862q',
237 silly audit report       title: 'PostCSS: Arbitrary file read and information disclosure via attacker-controlled sourceMappingURL in CSS comments',
237 silly audit report       severity: 'high',
237 silly audit report       vulnerable_versions: '<=8.5.11',
237 silly audit report       cwe: [Array],
237 silly audit report       cvss: [Object]
237 silly audit report     }
237 silly audit report   ],
237 silly audit report   qs: [
237 silly audit report     {
237 silly audit report       id: 1119502,
237 silly audit report       url: 'https://github.com/advisories/GHSA-q8mj-m7cp-5q26',
237 silly audit report       title: 'qs has a remotely triggerable DoS: qs.stringify crashes with TypeError on null/undefined entries in comma-format arrays when encodeValuesOnly is set',
237 silly audit report       severity: 'moderate',
237 silly audit report       vulnerable_versions: '>=6.11.1 <=6.15.1',
237 silly audit report       cwe: [Array],
237 silly audit report       cvss: [Object]
237 silly audit report     },
237 silly audit report     {
237 silly audit report       id: 1113161,
237 silly audit report       url: 'https://github.com/advisories/GHSA-w7fw-mjwx-w883',
237 silly audit report       title: "qs's arrayLimit bypass in comma parsing allows denial of service",
237 silly audit report       severity: 'low',
237 silly audit report       vulnerable_versions: '>=6.7.0 <=6.14.1',
237 silly audit report       cwe: [Array],
237 silly audit report       cvss: [Object]
237 silly audit report     }
237 silly audit report   ],
237 silly audit report   rollup: [
237 silly audit report     {
237 silly audit report       id: 1113515,
237 silly audit report       url: 'https://github.com/advisories/GHSA-mw96-cpmx-2vgc',
237 silly audit report       title: 'Rollup 4 has Arbitrary File Write via Path Traversal',
237 silly audit report       severity: 'high',
237 silly audit report       vulnerable_versions: '>=4.0.0 <4.59.0',
237 silly audit report       cwe: [Array],
237 silly audit report       cvss: [Object]
237 silly audit report     }
237 silly audit report   ],
237 silly audit report   sigstore: [
237 silly audit report     {
237 silly audit report       id: 1122163,
237 silly audit report       url: 'https://github.com/advisories/GHSA-52v5-jr5w-gjxr',
237 silly audit report       title: "sigstore's `certificateOIDs` verification constraints are silently dropped and never enforced",
237 silly audit report       severity: 'high',
237 silly audit report       vulnerable_versions: '<=4.1.0',
237 silly audit report       cwe: [Array],
237 silly audit report       cvss: [Object]
237 silly audit report     }
237 silly audit report   ],
237 silly audit report   'socket.io-parser': [
237 silly audit report     {
237 silly audit report       id: 1115154,
237 silly audit report       url: 'https://github.com/advisories/GHSA-677m-j7p3-52f9',
237 silly audit report       title: 'socket.io allows an unbounded number of binary attachments',
237 silly audit report       severity: 'high',
237 silly audit report       vulnerable_versions: '>=4.0.0 <4.2.6',
237 silly audit report       cwe: [Array],
237 silly audit report       cvss: [Object]
237 silly audit report     }
237 silly audit report   ],
237 silly audit report   tar: [
237 silly audit report     {
237 silly audit report       id: 1113375,
237 silly audit report       url: 'https://github.com/advisories/GHSA-83g3-92jg-28cx',
237 silly audit report       title: 'Arbitrary File Read/Write via Hardlink Target Escape Through Symlink Chain in node-tar Extraction',
237 silly audit report       severity: 'high',
237 silly audit report       vulnerable_versions: '<7.5.8',
237 silly audit report       cwe: [Array],
237 silly audit report       cvss: [Object]
237 silly audit report     },
237 silly audit report     {
237 silly audit report       id: 1114200,
237 silly audit report       url: 'https://github.com/advisories/GHSA-qffp-2rhf-9h96',
237 silly audit report       title: 'tar has Hardlink Path Traversal via Drive-Relative Linkpath',
237 silly audit report       severity: 'high',
237 silly audit report       vulnerable_versions: '<=7.5.9',
237 silly audit report       cwe: [Array],
237 silly audit report       cvss: [Object]
237 silly audit report     },
237 silly audit report     {
237 silly audit report       id: 1114302,
237 silly audit report       url: 'https://github.com/advisories/GHSA-9ppj-qmqm-q256',
237 silly audit report       title: 'node-tar Symlink Path Traversal via Drive-Relative Linkpath',
237 silly audit report       severity: 'high',
237 silly audit report       vulnerable_versions: '<=7.5.10',
237 silly audit report       cwe: [Array],
237 silly audit report       cvss: [Object]
237 silly audit report     },
237 silly audit report     {
237 silly audit report       id: 1120782,
237 silly audit report       url: 'https://github.com/advisories/GHSA-vmf3-w455-68vh',
237 silly audit report       title: 'node-tar applies PAX size override to intermediary GNU long-name/long-link headers, causing tar parser interpretation differential (file smuggling)',
237 silly audit report       severity: 'moderate',
237 silly audit report       vulnerable_versions: '<=7.5.15',
237 silly audit report       cwe: [Array],
237 silly audit report       cvss: [Object]
237 silly audit report     },
237 silly audit report     {
237 silly audit report       id: 1123939,
237 silly audit report       url: 'https://github.com/advisories/GHSA-w8wr-v893-vjvp',
237 silly audit report       title: 'node-tar: Process crash via PAX numeric path type confusion',
237 silly audit report       severity: 'moderate',
237 silly audit report       vulnerable_versions: '<=7.5.17',
237 silly audit report       cwe: [Array],
237 silly audit report       cvss: [Object]
237 silly audit report     },
237 silly audit report     {
237 silly audit report       id: 1123940,
237 silly audit report       url: 'https://github.com/advisories/GHSA-23hp-3jrh-7fpw',
237 silly audit report       title: 'node-tar: Decompression/parse DoS via unlimited input',
237 silly audit report       severity: 'critical',
237 silly audit report       vulnerable_versions: '<=7.5.18',
237 silly audit report       cwe: [Array],
237 silly audit report       cvss: [Object]
237 silly audit report     },
237 silly audit report     {
237 silly audit report       id: 1123941,
237 silly audit report       url: 'https://github.com/advisories/GHSA-8x88-c5mf-7j5w',
237 silly audit report       title: 'node-tar: Negative tar entry size causes infinite loop in archive replace',
237 silly audit report       severity: 'high',
237 silly audit report       vulnerable_versions: '<=7.5.17',
237 silly audit report       cwe: [Array],
237 silly audit report       cvss: [Object]
237 silly audit report     },
237 silly audit report     {
237 silly audit report       id: 1123942,
237 silly audit report       url: 'https://github.com/advisories/GHSA-gvwx-54wh-qm9j',
237 silly audit report       title: 'node-tar: Uncaught Exception DoS via NUL byte in PAX path/linkpath records',
237 silly audit report       severity: 'moderate',
237 silly audit report       vulnerable_versions: '<=7.5.16',
237 silly audit report       cwe: [Array],
237 silly audit report       cvss: [Object]
237 silly audit report     }
237 silly audit report   ],
237 silly audit report   tmp: [
237 silly audit report     {
237 silly audit report       id: 1120654,
237 silly audit report       url: 'https://github.com/advisories/GHSA-ph9p-34f9-6g65',
237 silly audit report       title: 'tmp has Path Traversal via unsanitized prefix/postfix that enables directory escape',
237 silly audit report       severity: 'high',
237 silly audit report       vulnerable_versions: '<0.2.6',
237 silly audit report       cwe: [Array],
237 silly audit report       cvss: [Object]
237 silly audit report     }
237 silly audit report   ],
237 silly audit report   vite: [
237 silly audit report     {
237 silly audit report       id: 1120785,
237 silly audit report       url: 'https://github.com/advisories/GHSA-v6wh-96g9-6wx3',
237 silly audit report       title: 'launch-editor: NTLMv2 hash disclosure via UNC path handling on Windows',
237 silly audit report       severity: 'moderate',
237 silly audit report       vulnerable_versions: '>=7.0.0 <=7.3.4',
237 silly audit report       cwe: [Array],
237 silly audit report       cvss: [Object]
237 silly audit report     },
237 silly audit report     {
237 silly audit report       id: 1116230,
237 silly audit report       url: 'https://github.com/advisories/GHSA-4w7w-66w2-5vf9',
237 silly audit report       title: 'Vite Vulnerable to Path Traversal in Optimized Deps `.map` Handling',
237 silly audit report       severity: 'moderate',
237 silly audit report       vulnerable_versions: '>=7.0.0 <=7.3.1',
237 silly audit report       cwe: [Array],
237 silly audit report       cvss: [Object]
237 silly audit report     },
237 silly audit report     {
237 silly audit report       id: 1116232,
237 silly audit report       url: 'https://github.com/advisories/GHSA-v2wj-q39q-566r',
237 silly audit report       title: 'Vite: `server.fs.deny` bypassed with queries',
237 silly audit report       severity: 'high',
237 silly audit report       vulnerable_versions: '>=7.1.0 <=7.3.1',
237 silly audit report       cwe: [Array],
237 silly audit report       cvss: [Object]
237 silly audit report     },
237 silly audit report     {
237 silly audit report       id: 1116235,
237 silly audit report       url: 'https://github.com/advisories/GHSA-p9ff-h696-f583',
237 silly audit report       title: 'Vite Vulnerable to Arbitrary File Read via Vite Dev Server WebSocket',
237 silly audit report       severity: 'high',
237 silly audit report       vulnerable_versions: '>=7.0.0 <=7.3.1',
237 silly audit report       cwe: [Array],
237 silly audit report       cvss: [Object]
237 silly audit report     },
237 silly audit report     {
237 silly audit report       id: 1123526,
237 silly audit report       url: 'https://github.com/advisories/GHSA-fx2h-pf6j-xcff',
237 silly audit report       title: 'vite: `server.fs.deny` bypass on Windows alternate paths',
237 silly audit report       severity: 'high',
237 silly audit report       vulnerable_versions: '>=7.0.0 <=7.3.4',
237 silly audit report       cwe: [Array],
237 silly audit report       cvss: [Object]
237 silly audit report     }
237 silly audit report   ],
237 silly audit report   ws: [
237 silly audit report     {
237 silly audit report       id: 1119108,
237 silly audit report       url: 'https://github.com/advisories/GHSA-58qx-3vcg-4xpx',
237 silly audit report       title: 'ws: Uninitialized memory disclosure',
237 silly audit report       severity: 'moderate',
237 silly audit report       vulnerable_versions: '>=8.0.0 <8.20.1',
237 silly audit report       cwe: [Array],
237 silly audit report       cvss: [Object]
237 silly audit report     },
237 silly audit report     {
237 silly audit report       id: 1123259,
237 silly audit report       url: 'https://github.com/advisories/GHSA-96hv-2xvq-fx4p',
237 silly audit report       title: 'ws: Memory exhaustion DoS from tiny fragments and data chunks',
237 silly audit report       severity: 'high',
237 silly audit report       vulnerable_versions: '>=8.0.0 <8.21.0',
237 silly audit report       cwe: [Array],
237 silly audit report       cvss: [Object]
237 silly audit report     }
237 silly audit report   ],
237 silly audit report   xlsx: [
237 silly audit report     {
237 silly audit report       id: 1108110,
237 silly audit report       url: 'https://github.com/advisories/GHSA-4r6h-8v6p-xvw6',
237 silly audit report       title: 'Prototype Pollution in sheetJS',
237 silly audit report       severity: 'high',
237 silly audit report       vulnerable_versions: '<0.19.3',
237 silly audit report       cwe: [Array],
237 silly audit report       cvss: [Object]
237 silly audit report     },
237 silly audit report     {
237 silly audit report       id: 1108111,
237 silly audit report       url: 'https://github.com/advisories/GHSA-5pgg-2g8v-p4x9',
237 silly audit report       title: 'SheetJS Regular Expression Denial of Service (ReDoS)',
237 silly audit report       severity: 'high',
237 silly audit report       vulnerable_versions: '<0.20.2',
237 silly audit report       cwe: [Array],
237 silly audit report       cvss: [Object]
237 silly audit report     }
237 silly audit report   ]
237 silly audit report }
238 silly packumentCache corgi:https://registry.npmjs.org/@angular%2fcommon cache-miss
239 silly packumentCache corgi:https://registry.npmjs.org/@angular%2fcompiler cache-miss
240 silly packumentCache corgi:https://registry.npmjs.org/@angular%2fcore cache-miss
241 silly packumentCache corgi:https://registry.npmjs.org/@angular%2fservice-worker cache-miss
242 silly packumentCache corgi:https://registry.npmjs.org/@babel%2fcore cache-miss
243 silly packumentCache corgi:https://registry.npmjs.org/@hono%2fnode-server cache-miss
244 silly packumentCache corgi:https://registry.npmjs.org/@modelcontextprotocol%2fsdk cache-miss
245 silly packumentCache corgi:https://registry.npmjs.org/minimatch cache-miss
246 silly packumentCache corgi:https://registry.npmjs.org/@sigstore%2fcore cache-miss
247 silly packumentCache corgi:https://registry.npmjs.org/@sigstore%2fverify cache-miss
248 silly packumentCache corgi:https://registry.npmjs.org/ajv cache-miss
249 silly packumentCache corgi:https://registry.npmjs.org/picomatch cache-miss
250 silly packumentCache corgi:https://registry.npmjs.org/body-parser cache-miss
251 silly packumentCache corgi:https://registry.npmjs.org/brace-expansion cache-miss
252 silly packumentCache corgi:https://registry.npmjs.org/engine.io cache-miss
253 silly packumentCache corgi:https://registry.npmjs.org/fast-uri cache-miss
254 silly packumentCache corgi:https://registry.npmjs.org/flatted cache-miss
255 silly packumentCache corgi:https://registry.npmjs.org/follow-redirects cache-miss
256 silly packumentCache corgi:https://registry.npmjs.org/immutable cache-miss
257 silly packumentCache corgi:https://registry.npmjs.org/ip-address cache-miss
258 silly packumentCache corgi:https://registry.npmjs.org/lodash cache-miss
259 silly packumentCache corgi:https://registry.npmjs.org/path-to-regexp cache-miss
260 silly packumentCache corgi:https://registry.npmjs.org/piscina cache-miss
261 silly packumentCache corgi:https://registry.npmjs.org/postcss cache-miss
262 silly packumentCache corgi:https://registry.npmjs.org/qs cache-miss
263 silly packumentCache corgi:https://registry.npmjs.org/rollup cache-miss
264 silly packumentCache corgi:https://registry.npmjs.org/sigstore cache-miss
265 silly packumentCache corgi:https://registry.npmjs.org/socket.io-parser cache-miss
266 silly packumentCache corgi:https://registry.npmjs.org/tar cache-miss
267 silly packumentCache corgi:https://registry.npmjs.org/tmp cache-miss
268 silly packumentCache corgi:https://registry.npmjs.org/vite cache-miss
269 silly packumentCache corgi:https://registry.npmjs.org/ws cache-miss
270 silly packumentCache corgi:https://registry.npmjs.org/xlsx cache-miss
271 http fetch GET 200 https://registry.npmjs.org/@babel%2fcore 192ms (cache revalidated)
272 silly packumentCache corgi:https://registry.npmjs.org/@babel%2fcore set size:422446 disposed:false
273 http fetch GET 200 https://registry.npmjs.org/follow-redirects 198ms (cache revalidated)
274 silly packumentCache corgi:https://registry.npmjs.org/follow-redirects set size:88479 disposed:false
275 http fetch GET 200 https://registry.npmjs.org/@angular%2fcommon 212ms (cache revalidated)
276 silly packumentCache corgi:https://registry.npmjs.org/@angular%2fcommon set size:1173745 disposed:false
277 http fetch GET 200 https://registry.npmjs.org/fast-uri 252ms (cache revalidated)
278 silly packumentCache corgi:https://registry.npmjs.org/fast-uri set size:27857 disposed:false
279 http fetch GET 200 https://registry.npmjs.org/@hono%2fnode-server 264ms (cache revalidated)
280 silly packumentCache corgi:https://registry.npmjs.org/@hono%2fnode-server set size:98366 disposed:false
281 http fetch GET 200 https://registry.npmjs.org/engine.io 267ms (cache revalidated)
282 silly packumentCache corgi:https://registry.npmjs.org/engine.io set size:171478 disposed:false
283 http fetch GET 200 https://registry.npmjs.org/brace-expansion 269ms (cache revalidated)
284 silly packumentCache corgi:https://registry.npmjs.org/brace-expansion set size:27446 disposed:false
285 http fetch GET 200 https://registry.npmjs.org/picomatch 270ms (cache revalidated)
286 silly packumentCache corgi:https://registry.npmjs.org/picomatch set size:45123 disposed:false
287 http fetch GET 200 https://registry.npmjs.org/@sigstore%2fcore 272ms (cache revalidated)
288 silly packumentCache corgi:https://registry.npmjs.org/@sigstore%2fcore set size:8009 disposed:false
289 http fetch GET 200 https://registry.npmjs.org/minimatch 274ms (cache revalidated)
290 silly packumentCache corgi:https://registry.npmjs.org/minimatch set size:168441 disposed:false
291 http fetch GET 200 https://registry.npmjs.org/body-parser 277ms (cache revalidated)
292 silly packumentCache corgi:https://registry.npmjs.org/body-parser set size:81203 disposed:false
293 http fetch GET 200 https://registry.npmjs.org/@angular%2fcompiler 292ms (cache revalidated)
294 silly packumentCache corgi:https://registry.npmjs.org/@angular%2fcompiler set size:1144850 disposed:false
295 http fetch GET 200 https://registry.npmjs.org/ajv 321ms (cache revalidated)
296 silly packumentCache corgi:https://registry.npmjs.org/ajv set size:467559 disposed:false
297 http fetch GET 200 https://registry.npmjs.org/flatted 343ms (cache revalidated)
298 silly packumentCache corgi:https://registry.npmjs.org/flatted set size:58721 disposed:false
299 http fetch GET 200 https://registry.npmjs.org/ip-address 353ms (cache revalidated)
300 silly packumentCache corgi:https://registry.npmjs.org/ip-address set size:69861 disposed:false
301 http fetch GET 200 https://registry.npmjs.org/immutable 355ms (cache revalidated)
302 silly packumentCache corgi:https://registry.npmjs.org/immutable set size:111806 disposed:false
303 http fetch GET 200 https://registry.npmjs.org/path-to-regexp 356ms (cache revalidated)
304 silly packumentCache corgi:https://registry.npmjs.org/path-to-regexp set size:66575 disposed:false
305 http fetch GET 200 https://registry.npmjs.org/sigstore 356ms (cache revalidated)
306 silly packumentCache corgi:https://registry.npmjs.org/sigstore set size:64609 disposed:false
307 http fetch GET 200 https://registry.npmjs.org/postcss 370ms (cache revalidated)
308 silly packumentCache corgi:https://registry.npmjs.org/postcss set size:351696 disposed:false
309 http fetch GET 200 https://registry.npmjs.org/tmp 382ms (cache revalidated)
310 silly packumentCache corgi:https://registry.npmjs.org/tmp set size:25283 disposed:false
311 http fetch GET 200 https://registry.npmjs.org/qs 385ms (cache revalidated)
312 silly packumentCache corgi:https://registry.npmjs.org/qs set size:148003 disposed:false
313 http fetch GET 200 https://registry.npmjs.org/piscina 394ms (cache revalidated)
314 silly packumentCache corgi:https://registry.npmjs.org/piscina set size:66153 disposed:false
315 http fetch GET 200 https://registry.npmjs.org/lodash 397ms (cache revalidated)
316 silly packumentCache corgi:https://registry.npmjs.org/lodash set size:69555 disposed:false
317 http fetch GET 200 https://registry.npmjs.org/@angular%2fcore 410ms (cache revalidated)
318 silly packumentCache corgi:https://registry.npmjs.org/@angular%2fcore set size:1183982 disposed:false
319 http fetch GET 200 https://registry.npmjs.org/rollup 443ms (cache revalidated)
320 silly packumentCache corgi:https://registry.npmjs.org/rollup set size:2589482 disposed:false
321 http fetch GET 200 https://registry.npmjs.org/@sigstore%2fverify 474ms (cache revalidated)
322 silly packumentCache corgi:https://registry.npmjs.org/@sigstore%2fverify set size:11769 disposed:false
323 http fetch GET 200 https://registry.npmjs.org/xlsx 466ms (cache revalidated)
324 silly packumentCache corgi:https://registry.npmjs.org/xlsx set size:134408 disposed:false
325 http fetch GET 200 https://registry.npmjs.org/socket.io-parser 479ms (cache revalidated)
326 silly packumentCache corgi:https://registry.npmjs.org/socket.io-parser set size:69014 disposed:false
327 http fetch GET 200 https://registry.npmjs.org/@tsconfig/svelte/-/svelte-1.0.13.tgz 700ms (cache miss)
328 http fetch GET 200 https://registry.npmjs.org/vite 493ms (cache revalidated)
329 silly packumentCache corgi:https://registry.npmjs.org/vite set size:2288699 disposed:false
330 http fetch GET 200 https://registry.npmjs.org/@modelcontextprotocol%2fsdk 558ms (cache revalidated)
331 silly packumentCache corgi:https://registry.npmjs.org/@modelcontextprotocol%2fsdk set size:115846 disposed:false
332 http fetch GET 200 https://registry.npmjs.org/ws 548ms (cache revalidated)
333 silly packumentCache corgi:https://registry.npmjs.org/ws set size:205716 disposed:false
334 http fetch GET 200 https://registry.npmjs.org/@angular%2fservice-worker 566ms (cache revalidated)
335 silly packumentCache corgi:https://registry.npmjs.org/@angular%2fservice-worker set size:1231055 disposed:false
336 http fetch GET 200 https://registry.npmjs.org/tar 590ms (cache updated)
337 silly packumentCache corgi:https://registry.npmjs.org/tar set size:undefined disposed:false
338 silly packumentCache corgi:https://registry.npmjs.org/@angular%2fbuild cache-miss
339 silly packumentCache corgi:https://registry.npmjs.org/@angular%2fcompiler-cli cache-miss
340 silly packumentCache corgi:https://registry.npmjs.org/istanbul-lib-instrument cache-miss
341 http fetch GET 200 https://registry.npmjs.org/istanbul-lib-instrument 51ms (cache revalidated)
342 silly packumentCache corgi:https://registry.npmjs.org/istanbul-lib-instrument set size:100602 disposed:false
343 http fetch GET 200 https://registry.npmjs.org/@angular%2fbuild 66ms (cache revalidated)
344 silly packumentCache corgi:https://registry.npmjs.org/@angular%2fbuild set size:632235 disposed:false
345 http fetch GET 200 https://registry.npmjs.org/@angular%2fcompiler-cli 90ms (cache revalidated)
346 silly packumentCache corgi:https://registry.npmjs.org/@angular%2fcompiler-cli set size:1542307 disposed:false
347 silly packumentCache corgi:https://registry.npmjs.org/@angular%2fcli cache-miss
348 http fetch GET 200 https://registry.npmjs.org/@angular%2fcli 59ms (cache revalidated)
349 silly packumentCache corgi:https://registry.npmjs.org/@angular%2fcli set size:1820939 disposed:false
350 silly packumentCache corgi:https://registry.npmjs.org/glob cache-miss
351 silly packumentCache corgi:https://registry.npmjs.org/karma cache-miss
352 silly packumentCache corgi:https://registry.npmjs.org/karma-coverage cache-miss
353 http fetch GET 200 https://registry.npmjs.org/karma-coverage 47ms (cache revalidated)
354 silly packumentCache corgi:https://registry.npmjs.org/karma-coverage set size:53958 disposed:false
355 http fetch GET 200 https://registry.npmjs.org/karma 55ms (cache revalidated)
356 silly packumentCache corgi:https://registry.npmjs.org/karma set size:512452 disposed:false
357 http fetch GET 200 https://registry.npmjs.org/glob 72ms (cache revalidated)
358 silly packumentCache corgi:https://registry.npmjs.org/glob set size:199194 disposed:false
359 silly packumentCache corgi:https://registry.npmjs.org/@tufjs%2fmodels cache-miss
360 silly packumentCache corgi:https://registry.npmjs.org/ignore-walk cache-miss
361 http fetch GET 200 https://registry.npmjs.org/@rrweb/packer/-/packer-2.1.1.tgz 1156ms (cache miss)
362 http fetch GET 200 https://registry.npmjs.org/@tufjs%2fmodels 107ms (cache revalidated)
363 silly packumentCache corgi:https://registry.npmjs.org/@tufjs%2fmodels set size:17456 disposed:false
364 http fetch GET 200 https://registry.npmjs.org/@rrweb/replay/-/replay-2.1.1.tgz 1264ms (cache miss)
365 http fetch GET 200 https://registry.npmjs.org/rrweb-player/-/rrweb-player-2.1.1.tgz 1283ms (cache miss)
366 http fetch GET 200 https://registry.npmjs.org/ignore-walk 533ms (cache revalidated)
367 silly packumentCache corgi:https://registry.npmjs.org/ignore-walk set size:30253 disposed:false
368 silly packumentCache corgi:https://registry.npmjs.org/@sigstore%2fsign cache-miss
369 http fetch GET 200 https://registry.npmjs.org/@sigstore%2fsign 216ms (cache revalidated)
370 silly packumentCache corgi:https://registry.npmjs.org/@sigstore%2fsign set size:17589 disposed:false
371 silly packumentCache corgi:https://registry.npmjs.org/@angular-devkit%2fcore cache-miss
372 silly packumentCache corgi:https://registry.npmjs.org/ajv-formats cache-miss
373 http fetch GET 200 https://registry.npmjs.org/@angular-devkit%2fcore 81ms (cache revalidated)
374 silly packumentCache corgi:https://registry.npmjs.org/@angular-devkit%2fcore set size:1292593 disposed:false
375 http fetch GET 200 https://registry.npmjs.org/ajv-formats 96ms (cache revalidated)
376 silly packumentCache corgi:https://registry.npmjs.org/ajv-formats set size:63554 disposed:false
377 silly packumentCache corgi:https://registry.npmjs.org/anymatch cache-miss
378 silly packumentCache corgi:https://registry.npmjs.org/readdirp cache-miss
379 http fetch GET 200 https://registry.npmjs.org/anymatch 52ms (cache revalidated)
380 silly packumentCache corgi:https://registry.npmjs.org/anymatch set size:18345 disposed:false
381 http fetch GET 200 https://registry.npmjs.org/readdirp 71ms (cache revalidated)
382 silly packumentCache corgi:https://registry.npmjs.org/readdirp set size:47123 disposed:false
383 silly packumentCache corgi:https://registry.npmjs.org/@parcel%2fwatcher cache-miss
384 silly packumentCache corgi:https://registry.npmjs.org/tinyglobby cache-miss
385 http fetch GET 200 https://registry.npmjs.org/tinyglobby 77ms (cache revalidated)
386 silly packumentCache corgi:https://registry.npmjs.org/tinyglobby set size:19921 disposed:false
387 http fetch GET 200 https://registry.npmjs.org/@parcel%2fwatcher 206ms (cache revalidated)
388 silly packumentCache corgi:https://registry.npmjs.org/@parcel%2fwatcher set size:67885 disposed:false
389 silly packumentCache corgi:https://registry.npmjs.org/express cache-miss
390 http fetch GET 200 https://registry.npmjs.org/express 72ms (cache revalidated)
391 silly packumentCache corgi:https://registry.npmjs.org/express set size:339376 disposed:false
392 silly packumentCache corgi:https://registry.npmjs.org/socket.io cache-miss
393 http fetch GET 200 https://registry.npmjs.org/socket.io 44ms (cache revalidated)
394 silly packumentCache corgi:https://registry.npmjs.org/socket.io set size:167232 disposed:false
395 silly packumentCache corgi:https://registry.npmjs.org/log4js cache-miss
396 http fetch GET 200 https://registry.npmjs.org/log4js 43ms (cache revalidated)
397 silly packumentCache corgi:https://registry.npmjs.org/log4js set size:205336 disposed:false
398 silly packumentCache corgi:https://registry.npmjs.org/http-proxy cache-miss
399 http fetch GET 200 https://registry.npmjs.org/http-proxy 59ms (cache revalidated)
400 silly packumentCache corgi:https://registry.npmjs.org/http-proxy set size:66005 disposed:false
401 silly packumentCache corgi:https://registry.npmjs.org/sass cache-miss
402 http fetch GET 200 https://registry.npmjs.org/sass 52ms (cache revalidated)
403 silly packumentCache corgi:https://registry.npmjs.org/sass set size:383767 disposed:false
404 silly packumentCache corgi:https://registry.npmjs.org/socks cache-miss
405 http fetch GET 200 https://registry.npmjs.org/socks 55ms (cache revalidated)
406 silly packumentCache corgi:https://registry.npmjs.org/socks set size:66905 disposed:false
407 silly packumentCache corgi:https://registry.npmjs.org/router cache-miss
408 http fetch GET 200 https://registry.npmjs.org/router 170ms (cache revalidated)
409 silly packumentCache corgi:https://registry.npmjs.org/router set size:49911 disposed:false
410 silly packumentCache corgi:https://registry.npmjs.org/beasties cache-miss
411 silly packumentCache corgi:https://registry.npmjs.org/rrweb-snapshot cache-miss
412 http fetch GET 200 https://registry.npmjs.org/beasties 68ms (cache revalidated)
413 silly packumentCache corgi:https://registry.npmjs.org/beasties set size:12299 disposed:false
414 http fetch GET 200 https://registry.npmjs.org/rrweb-snapshot 223ms (cache revalidated)
415 silly packumentCache corgi:https://registry.npmjs.org/rrweb-snapshot set size:180283 disposed:false
416 silly packumentCache corgi:https://registry.npmjs.org/pacote cache-miss
417 http fetch GET 200 https://registry.npmjs.org/pacote 174ms (cache revalidated)
418 silly packumentCache corgi:https://registry.npmjs.org/pacote set size:403023 disposed:false
419 silly packumentCache corgi:https://registry.npmjs.org/socket.io-client cache-miss
420 http fetch GET 200 https://registry.npmjs.org/socket.io-client 45ms (cache revalidated)
421 silly packumentCache corgi:https://registry.npmjs.org/socket.io-client set size:195399 disposed:false
422 silly packumentCache corgi:https://registry.npmjs.org/node-gyp cache-miss
423 http fetch GET 200 https://registry.npmjs.org/node-gyp 46ms (cache revalidated)
424 silly packumentCache corgi:https://registry.npmjs.org/node-gyp set size:162038 disposed:false
425 silly packumentCache corgi:https://registry.npmjs.org/engine.io-client cache-miss
426 silly packumentCache corgi:https://registry.npmjs.org/socket.io-adapter cache-miss
427 http fetch GET 200 https://registry.npmjs.org/socket.io-adapter 59ms (cache revalidated)
428 silly packumentCache corgi:https://registry.npmjs.org/socket.io-adapter set size:37178 disposed:false
429 http fetch GET 200 https://registry.npmjs.org/engine.io-client 164ms (cache revalidated)
430 silly packumentCache corgi:https://registry.npmjs.org/engine.io-client set size:224596 disposed:false
431 silly packumentCache corgi:https://registry.npmjs.org/@angular-devkit%2farchitect cache-miss
432 silly packumentCache corgi:https://registry.npmjs.org/@angular-devkit%2fschematics cache-miss
433 silly packumentCache corgi:https://registry.npmjs.org/@schematics%2fangular cache-miss
434 http fetch GET 200 https://registry.npmjs.org/@angular-devkit%2farchitect 82ms (cache revalidated)
435 silly packumentCache corgi:https://registry.npmjs.org/@angular-devkit%2farchitect set size:1183497 disposed:false
436 http fetch GET 200 https://registry.npmjs.org/@schematics%2fangular 233ms (cache revalidated)
437 silly packumentCache corgi:https://registry.npmjs.org/@schematics%2fangular set size:1252100 disposed:false
438 http fetch GET 200 https://registry.npmjs.org/@angular-devkit%2fschematics 389ms (cache revalidated)
439 silly packumentCache corgi:https://registry.npmjs.org/@angular-devkit%2fschematics set size:1255312 disposed:false
440 silly ADD node_modules/fflate
441 silly ADD node_modules/@tsconfig/svelte
442 silly ADD node_modules/@rrweb/replay
443 silly ADD node_modules/@rrweb/packer
444 silly ADD node_modules/rrweb-player
445 silly ADD
446 silly ADD
447 silly ADD
448 silly ADD
449 silly ADD
450 silly ADD
451 silly ADD
452 silly ADD
453 silly ADD
454 silly ADD
455 silly ADD
456 silly ADD
457 silly ADD
458 silly ADD
459 silly ADD
460 silly ADD
461 silly ADD
462 silly ADD
463 silly ADD
464 silly ADD
465 silly ADD
466 silly ADD
467 silly ADD
468 silly ADD
469 silly ADD
470 silly ADD
471 silly ADD
472 silly ADD
473 silly ADD
474 silly ADD
475 silly ADD
476 silly ADD
477 silly ADD
478 silly ADD
479 silly ADD
480 silly ADD
481 silly ADD
482 silly ADD
483 silly ADD
484 silly ADD
485 silly ADD
486 silly ADD
487 silly ADD
488 silly ADD
489 silly ADD
490 silly ADD
491 silly ADD
492 silly ADD
493 silly ADD
494 silly ADD
495 silly ADD
496 silly ADD
497 silly ADD
498 silly ADD
499 silly ADD
500 silly ADD
501 silly ADD
502 silly ADD
503 silly ADD
504 silly ADD
505 silly ADD
506 silly ADD
507 silly ADD
508 silly ADD
509 silly ADD
510 silly ADD
511 silly ADD
512 silly ADD
513 silly ADD
514 silly ADD
515 silly ADD
516 silly ADD
517 silly ADD
518 silly ADD
519 silly ADD
520 silly ADD
521 silly ADD
522 silly ADD
523 silly ADD
524 silly ADD
525 silly ADD
526 silly ADD
527 silly ADD
528 silly ADD
529 silly ADD
530 silly ADD
531 silly ADD
532 silly ADD
533 silly ADD
534 silly ADD
535 silly ADD
536 silly ADD
537 verbose cwd C:\Users\W10\Desktop\PROYECTO_METAS_PERU\metasperu.center
538 verbose os Windows_NT 10.0.19045
539 verbose node v22.19.0
540 verbose npm  v10.9.3
541 verbose exit 0
542 info ok
